Rk,Wk,Date,Day,Winner/Tie,Pts,,Loser/Tie,Pts,Notes
1,1,Aug 28 1994,Sun,(4) Nebraska,31,N,(24) West Virginia,0,
2,1,Aug 29 1994,Mon,(20) Ohio State,34,N,Fresno State,10,
3,2,Sep 1 1994,Thu,(7) Arizona,19,@,Georgia Tech,14,
4,2,Sep 1 1994,Thu,Kansas,35,@,Houston,13,
5,2,Sep 1 1994,Thu,North Carolina State,20,,Bowling Green State,15,
6,2,Sep 1 1994,Thu,Oklahoma State,31,@,Northern Illinois,14,
7,2,Sep 1 1994,Thu,Washington State,10,@,(22) Illinois,9,
8,2,Sep 3 1994,Sat,(11) Alabama,42,,Chattanooga,13,
9,2,Sep 3 1994,Sat,Arizona State,22,,Oregon State,16,
10,2,Sep 3 1994,Sat,Arkansas,34,,Southern Methodist,14,
11,2,Sep 3 1994,Sat,(12) Auburn,22,@,Mississippi,17,
12,2,Sep 3 1994,Sat,Baylor,44,,Louisiana Tech,3,
13,2,Sep 3 1994,Sat,Brigham Young,13,@,Hawaii,12,
14,2,Sep 3 1994,Sat,(24) Clemson,27,,Furman,6,
15,2,Sep 3 1994,Sat,(8) Colorado,48,,Louisiana-Monroe,13,
16,2,Sep 3 1994,Sat,Colorado State,34,@,Air Force,21,
17,2,Sep 3 1994,Sat,Duke,49,,Maryland,16,
18,2,Sep 3 1994,Sat,(1) Florida,70,,New Mexico State,21,
19,2,Sep 3 1994,Sat,(4) Florida State,41,,Virginia,17,
20,2,Sep 3 1994,Sat,Fresno State,45,,San Jose State,13,
21,2,Sep 3 1994,Sat,Georgia,24,@,South Carolina,21,
22,2,Sep 3 1994,Sat,Indiana,28,,Cincinnati,3,
23,2,Sep 3 1994,Sat,Iowa,52,,Central Michigan,21,
24,2,Sep 3 1994,Sat,Kansas State,34,,Louisiana,6,
25,2,Sep 3 1994,Sat,Kentucky,20,,Louisville,14,
26,2,Sep 3 1994,Sat,(6) Miami (FL),56,,Georgia Southern,0,
27,2,Sep 3 1994,Sat,(5) Michigan,34,,Boston College,26,
28,2,Sep 3 1994,Sat,Mississippi State,17,@,Memphis,6,
29,2,Sep 3 1994,Sat,Nevada,30,,Northern Arizona,27,
30,2,Sep 3 1994,Sat,Nevada-Las Vegas,17,,Eastern Michigan,3,
31,2,Sep 3 1994,Sat,(18) North Carolina,27,,Texas Christian,17,
32,2,Sep 3 1994,Sat,Northern Iowa,28,@,Iowa State,14,
33,2,Sep 3 1994,Sat,(3) Notre Dame,42,@,Northwestern,15,
34,2,Sep 3 1994,Sat,(16) Oklahoma,30,@,Syracuse,29,
35,2,Sep 3 1994,Sat,Oregon,58,,Portland State,16,
36,2,Sep 3 1994,Sat,Pacific,24,,California-Davis,7,
37,2,Sep 3 1994,Sat,(9) Penn State,56,@,Minnesota,3,
38,2,Sep 3 1994,Sat,Rutgers,28,,Kent State,6,
39,2,Sep 3 1994,Sat,San Diego State,56,,Navy,14,
40,2,Sep 3 1994,Sat,(17) Southern California,24,,(23) Washington,17,
41,2,Sep 3 1994,Sat,Southern Mississippi,25,@,Tulane,10,
42,2,Sep 3 1994,Sat,Temple,32,@,Akron,7,
43,2,Sep 3 1994,Sat,(19) Texas,30,@,Pittsburgh,28,
44,2,Sep 3 1994,Sat,(15) Texas A&M,18,@,Louisiana State,13,
45,2,Sep 3 1994,Sat,Texas Tech,37,,New Mexico,31,
46,2,Sep 3 1994,Sat,Toledo,20,,Indiana State,17,
47,2,Sep 3 1994,Sat,Tulsa,20,@,Missouri,17,
48,2,Sep 3 1994,Sat,(14) UCLA,25,,(13) Tennessee,23,
49,2,Sep 3 1994,Sat,Utah,32,@,Utah State,17,
50,2,Sep 3 1994,Sat,Vanderbilt,35,,Wake Forest,14,
51,2,Sep 3 1994,Sat,(21) Virginia Tech,34,,Arkansas State,7,
52,2,Sep 3 1994,Sat,West Virginia,16,,Ball State,14,
53,2,Sep 3 1994,Sat,Western Michigan,28,@,Miami (OH),25,
54,2,Sep 3 1994,Sat,Wyoming,36,,Texas-El Paso,13,
55,3,Sep 8 1994,Thu,(1) Nebraska,42,@,Texas Tech,16,
56,3,Sep 8 1994,Thu,Western Michigan,43,,Western Illinois,7,
57,3,Sep 10 1994,Sat,(11) Alabama,17,,Vanderbilt,7,
58,3,Sep 10 1994,Sat,(9) Arizona,44,,New Mexico State,0,
59,3,Sep 10 1994,Sat,Army,49,,Holy Cross,3,
60,3,Sep 10 1994,Sat,(12) Auburn,44,,Louisiana-Monroe,12,
61,3,Sep 10 1994,Sat,Baylor,54,@,San Jose State,20,
62,3,Sep 10 1994,Sat,Bowling Green State,45,@,Akron,0,
63,3,Sep 10 1994,Sat,Brigham Young,45,@,Air Force,21,
64,3,Sep 10 1994,Sat,Central Michigan,35,,Nevada-Las Vegas,23,
65,3,Sep 10 1994,Sat,Colorado State,41,,Utah State,16,
66,3,Sep 10 1994,Sat,Duke,13,,East Carolina,10,
67,3,Sep 10 1994,Sat,(2) Florida,73,,Kentucky,7,
68,3,Sep 10 1994,Sat,(4) Florida State,52,@,Maryland,20,
69,3,Sep 10 1994,Sat,Georgia Tech,45,,Western Carolina,26,
70,3,Sep 10 1994,Sat,Hawaii,36,,Oregon,16,
71,3,Sep 10 1994,Sat,Illinois,42,,Missouri,0,
72,3,Sep 10 1994,Sat,Indiana,35,,Miami (OH),14,
73,3,Sep 10 1994,Sat,Iowa,37,,Iowa State,9,
74,3,Sep 10 1994,Sat,Kansas,17,,Michigan State,10,
75,3,Sep 10 1994,Sat,Louisiana,29,,Northern Illinois,9,
76,3,Sep 10 1994,Sat,Louisiana State,44,,Mississippi State,24,
77,3,Sep 10 1994,Sat,Louisiana Tech,32,,Houston,7,
78,3,Sep 10 1994,Sat,Memphis,42,@,Tulsa,18,
79,3,Sep 10 1994,Sat,(5) Miami (FL),47,@,Arizona State,10,
80,3,Sep 10 1994,Sat,(6) Michigan,26,@,(3) Notre Dame,24,
81,3,Sep 10 1994,Sat,Minnesota,33,,Pacific,7,
82,3,Sep 10 1994,Sat,Mississippi,59,,Southern Illinois,3,
83,3,Sep 10 1994,Sat,Nevada,18,,Arkansas State,0,
84,3,Sep 10 1994,Sat,North Carolina State,29,@,(22) Clemson,12,
85,3,Sep 10 1994,Sat,Oregon State,44,,Wyoming,31,
86,3,Sep 10 1994,Sat,(8) Penn State,38,,(14) Southern California,14,
87,3,Sep 10 1994,Sat,Pittsburgh,30,,Ohio,16,
88,3,Sep 10 1994,Sat,Purdue,51,,Toledo,17,
89,3,Sep 10 1994,Sat,Rutgers,17,,West Virginia,12,
90,3,Sep 10 1994,Sat,San Diego State,22,,California,20,
91,3,Sep 10 1994,Sat,South Carolina,14,,Arkansas,0,
92,3,Sep 10 1994,Sat,(24) Stanford,41,@,Northwestern,41,
93,3,Sep 10 1994,Sat,Syracuse,34,@,Cincinnati,19,
94,3,Sep 10 1994,Sat,(19) Tennessee,41,@,(23) Georgia,23,
95,3,Sep 10 1994,Sat,(20) Texas,30,,Louisville,16,
96,3,Sep 10 1994,Sat,(16) Texas A&M,36,,(15) Oklahoma,14,
97,3,Sep 10 1994,Sat,Texas Christian,44,@,New Mexico,29,
98,3,Sep 10 1994,Sat,Texas-El Paso,22,,Eastern Illinois,20,
99,3,Sep 10 1994,Sat,Tulane,15,@,Rice,13,
100,3,Sep 10 1994,Sat,(13) UCLA,17,,Southern Methodist,10,
101,3,Sep 10 1994,Sat,Utah,66,,Idaho State,0,
102,3,Sep 10 1994,Sat,Virginia,47,@,Navy,10,
103,3,Sep 10 1994,Sat,(21) Virginia Tech,24,@,Southern Mississippi,14,
104,3,Sep 10 1994,Sat,Wake Forest,12,,Appalachian State,10,
105,3,Sep 10 1994,Sat,(25) Washington,25,,(18) Ohio State,16,
106,3,Sep 10 1994,Sat,Washington State,24,,Fresno State,3,
107,3,Sep 10 1994,Sat,(10) Wisconsin,56,,Eastern Michigan,0,
108,4,Sep 15 1994,Thu,Duke,43,,Army,7,
109,4,Sep 17 1994,Sat,(12) Alabama,13,@,Arkansas,6,
110,4,Sep 17 1994,Sat,Arkansas State,41,,Southern Illinois,14,
111,4,Sep 17 1994,Sat,(11) Auburn,30,,Louisiana State,26,
112,4,Sep 17 1994,Sat,Baylor,14,,Oklahoma State,10,
113,4,Sep 17 1994,Sat,Boise State,37,,Nevada,27,
114,4,Sep 17 1994,Sat,Bowling Green State,59,,Navy,21,
115,4,Sep 17 1994,Sat,Central Michigan,30,@,Eastern Michigan,29,
116,4,Sep 17 1994,Sat,Cincinnati,17,@,Miami (OH),17,
117,4,Sep 17 1994,Sat,(7) Colorado,55,,(10) Wisconsin,17,
118,4,Sep 17 1994,Sat,Colorado State,28,@,(22) Brigham Young,21,
119,4,Sep 17 1994,Sat,East Carolina,31,@,Temple,14,
120,4,Sep 17 1994,Sat,(1) Florida,31,@,(15) Tennessee,0,
121,4,Sep 17 1994,Sat,(3) Florida State,56,@,Wake Forest,14,
122,4,Sep 17 1994,Sat,Fresno State,24,,Oregon State,14,
123,4,Sep 17 1994,Sat,Georgia,70,,Louisiana-Monroe,6,
124,4,Sep 17 1994,Sat,Hawaii,21,@,California,7,
125,4,Sep 17 1994,Sat,Idaho,48,@,Nevada-Las Vegas,38,
126,4,Sep 17 1994,Sat,Illinois,34,,Northern Illinois,10,
127,4,Sep 17 1994,Sat,Indiana,59,@,Kentucky,29,
128,4,Sep 17 1994,Sat,Kansas State,27,,Rice,18,
129,4,Sep 17 1994,Sat,Kent State,32,,Akron,16,
130,4,Sep 17 1994,Sat,Louisville,25,@,Arizona State,22,
131,4,Sep 17 1994,Sat,Maryland,24,@,West Virginia,13,
132,4,Sep 17 1994,Sat,Minnesota,40,,San Diego State,17,
133,4,Sep 17 1994,Sat,Mississippi,20,@,Vanderbilt,14,
134,4,Sep 17 1994,Sat,Missouri,16,@,Houston,0,
135,4,Sep 17 1994,Sat,(2) Nebraska,49,,(13) UCLA,21,
136,4,Sep 17 1994,Sat,New Mexico State,23,@,Texas-El Paso,22,
137,4,Sep 17 1994,Sat,(16) North Carolina,49,,Tulane,0,
138,4,Sep 17 1994,Sat,Northwestern,14,@,Air Force,10,
139,4,Sep 17 1994,Sat,(8) Notre Dame,21,@,Michigan State,20,
140,4,Sep 17 1994,Sat,(23) Ohio State,27,,Pittsburgh,3,
141,4,Sep 17 1994,Sat,(21) Oklahoma,17,,Texas Tech,11,
142,4,Sep 17 1994,Sat,Pacific,27,,Texas State,7,
143,4,Sep 17 1994,Sat,(6) Penn State,61,,Iowa,21,
144,4,Sep 17 1994,Sat,Purdue,49,,Ball State,21,
145,4,Sep 17 1994,Sat,South Carolina,31,,Louisiana Tech,6,
146,4,Sep 17 1994,Sat,Southern Methodist,34,,New Mexico,31,
147,4,Sep 17 1994,Sat,Southern Mississippi,20,,Memphis,3,
148,4,Sep 17 1994,Sat,Stanford,51,,San Jose State,20,
149,4,Sep 17 1994,Sat,Syracuse,37,,Rutgers,36,
150,4,Sep 17 1994,Sat,Texas Christian,31,,Kansas,21,
151,4,Sep 17 1994,Sat,Toledo,47,,Liberty,37,
152,4,Sep 17 1994,Sat,Troy,39,@,Louisiana,20,
153,4,Sep 17 1994,Sat,Utah,34,@,Oregon,16,
154,4,Sep 17 1994,Sat,Utah State,5,@,Ohio,0,
155,4,Sep 17 1994,Sat,Virginia,9,,Clemson,6,
156,4,Sep 17 1994,Sat,(18) Virginia Tech,12,@,Boston College,7,
157,4,Sep 17 1994,Sat,Western Michigan,23,@,Iowa State,19,
158,4,Sep 17 1994,Sat,Wyoming,17,,Tulsa,7,
159,5,Sep 22 1994,Thu,(14) Virginia Tech,34,,West Virginia,6,
160,5,Sep 24 1994,Sat,Air Force,47,@,Texas-El Paso,7,
161,5,Sep 24 1994,Sat,(11) Alabama,20,,Tulane,10,
162,5,Sep 24 1994,Sat,(8) Arizona,34,@,Stanford,10,
163,5,Sep 24 1994,Sat,(10) Auburn,38,,East Tennessee State,0,
164,5,Sep 24 1994,Sat,Ball State,21,,Ohio,14,
165,5,Sep 24 1994,Sat,Boston College,21,@,Pittsburgh,9,
166,5,Sep 24 1994,Sat,Bowling Green State,30,@,Eastern Michigan,13,
167,5,Sep 24 1994,Sat,Brigham Young,49,,New Mexico,47,
168,5,Sep 24 1994,Sat,California,25,,Arizona State,21,
169,5,Sep 24 1994,Sat,Central Michigan,45,,Kent State,0,
170,5,Sep 24 1994,Sat,(7) Colorado,27,@,(4) Michigan,26,
171,5,Sep 24 1994,Sat,Colorado State,19,,San Diego State,17,
172,5,Sep 24 1994,Sat,Duke,27,@,Georgia Tech,12,
173,5,Sep 24 1994,Sat,(3) Florida State,31,,(13) North Carolina,18,
174,5,Sep 24 1994,Sat,Fresno State,31,@,Hawaii,16,
175,5,Sep 24 1994,Sat,Georgia,17,,Mississippi,14,
176,5,Sep 24 1994,Sat,Kansas,72,,Alabama-Birmingham,0,
177,5,Sep 24 1994,Sat,Kansas State,35,,Minnesota,0,
178,5,Sep 24 1994,Sat,Maryland,31,,Wake Forest,7,
179,5,Sep 24 1994,Sat,Memphis,16,,Arkansas,15,
180,5,Sep 24 1994,Sat,Michigan State,45,,Miami (OH),10,
181,5,Sep 24 1994,Sat,Mississippi State,24,,(23) Tennessee,21,
182,5,Sep 24 1994,Sat,(2) Nebraska,70,,Pacific,21,
183,5,Sep 24 1994,Sat,Nevada,34,,Louisiana-Monroe,22,
184,5,Sep 24 1994,Sat,Nevada-Las Vegas,23,@,Utah State,21,
185,5,Sep 24 1994,Sat,New Mexico State,24,,Arkansas State,17,
186,5,Sep 24 1994,Sat,(24) North Carolina State,38,,Western Carolina,13,
187,5,Sep 24 1994,Sat,Northern Illinois,49,,Eastern Illinois,17,
188,5,Sep 24 1994,Sat,(9) Notre Dame,39,,Purdue,21,
189,5,Sep 24 1994,Sat,(20) Ohio State,52,,Houston,0,
190,5,Sep 24 1994,Sat,Oklahoma State,17,,Tulsa,10,
191,5,Sep 24 1994,Sat,Oregon,40,,Iowa,18,
192,5,Sep 24 1994,Sat,(5) Penn State,55,,Rutgers,27,
193,5,Sep 24 1994,Sat,Rice,28,@,Iowa State,18,
194,5,Sep 24 1994,Sat,San Jose State,31,,Louisiana,28,
195,5,Sep 24 1994,Sat,South Carolina,23,@,Kentucky,9,
196,5,Sep 24 1994,Sat,(19) Southern California,37,,Baylor,27,
197,5,Sep 24 1994,Sat,Syracuse,21,@,East Carolina,18,
198,5,Sep 24 1994,Sat,Temple,23,@,Army,20,
199,5,Sep 24 1994,Sat,(15) Texas,34,@,Texas Christian,18,
200,5,Sep 24 1994,Sat,(12) Texas A&M,41,,Southern Mississippi,17,
201,5,Sep 24 1994,Sat,Texas Tech,35,,Southern Methodist,7,
202,5,Sep 24 1994,Sat,Utah,41,,Wyoming,7,
203,5,Sep 24 1994,Sat,(17) Washington,38,@,(6) Miami (FL),20,
204,5,Sep 24 1994,Sat,(22) Washington State,21,@,(18) UCLA,0,
205,5,Sep 24 1994,Sat,Western Michigan,19,,Akron,6,
206,5,Sep 24 1994,Sat,(16) Wisconsin,62,,(25) Indiana,13,
207,6,Sep 29 1994,Thu,(9) Auburn,41,,Kentucky,14,
208,6,Sep 30 1994,Fri,Brigham Young,34,,Utah State,6,
209,6,Oct 1 1994,Sat,Air Force,36,@,San Diego State,35,
210,6,Oct 1 1994,Sat,(11) Alabama,29,,Georgia,28,
211,6,Oct 1 1994,Sat,(6) Arizona,30,,Oregon State,10,
212,6,Oct 1 1994,Sat,Arkansas,42,,Vanderbilt,6,
213,6,Oct 1 1994,Sat,Ball State,31,,Central Michigan,28,
214,6,Oct 1 1994,Sat,Baylor,42,@,Texas Christian,18,
215,6,Oct 1 1994,Sat,Bowling Green State,38,@,Cincinnati,0,
216,6,Oct 1 1994,Sat,California,55,,San Jose State,0,
217,6,Oct 1 1994,Sat,Clemson,13,,Maryland,0,
218,6,Oct 1 1994,Sat,(5) Colorado,34,@,(16) Texas,31,
219,6,Oct 1 1994,Sat,(24) Colorado State,38,@,New Mexico,31,
220,6,Oct 1 1994,Sat,Duke,47,@,Navy,14,
221,6,Oct 1 1994,Sat,East Carolina,31,,Southern Mississippi,10,
222,6,Oct 1 1994,Sat,(1) Florida,38,@,Mississippi,14,
223,6,Oct 1 1994,Sat,Indiana,25,,Minnesota,14,
224,6,Oct 1 1994,Sat,Louisiana,13,@,Louisiana Tech,3,
225,6,Oct 1 1994,Sat,Louisiana-Monroe,62,,Weber State,37,
226,6,Oct 1 1994,Sat,Louisville,33,,Pittsburgh,29,
227,6,Oct 1 1994,Sat,(13) Miami (FL),24,@,Rutgers,3,
228,6,Oct 1 1994,Sat,Miami (OH),21,@,Eastern Michigan,17,
229,6,Oct 1 1994,Sat,(7) Michigan,29,@,Iowa,14,
230,6,Oct 1 1994,Sat,Michigan State,29,,(15) Wisconsin,10,
231,6,Oct 1 1994,Sat,Mississippi State,49,,Arkansas State,3,
232,6,Oct 1 1994,Sat,(2) Nebraska,42,,Wyoming,32,
233,6,Oct 1 1994,Sat,Nevada,35,@,Northern Illinois,31,
234,6,Oct 1 1994,Sat,Nevada-Las Vegas,31,@,New Mexico State,27,
235,6,Oct 1 1994,Sat,(18) North Carolina,28,@,Southern Methodist,24,
236,6,Oct 1 1994,Sat,(22) North Carolina State,21,,Georgia Tech,13,
237,6,Oct 1 1994,Sat,(8) Notre Dame,34,,Stanford,15,
238,6,Oct 1 1994,Sat,(20) Ohio State,17,@,Northwestern,15,
239,6,Oct 1 1994,Sat,(21) Oklahoma,34,,Iowa State,6,
240,6,Oct 1 1994,Sat,Oklahoma State,36,,North Texas,34,
241,6,Oct 1 1994,Sat,Oregon,22,@,(19) Southern California,7,
242,6,Oct 1 1994,Sat,(4) Penn State,48,@,Temple,21,
243,6,Oct 1 1994,Sat,Purdue,22,@,(25) Illinois,16,
244,6,Oct 1 1994,Sat,South Carolina,18,@,Louisiana State,17,
245,6,Oct 1 1994,Sat,Syracuse,28,,(14) Virginia Tech,20,
246,6,Oct 1 1994,Sat,Tennessee,10,,(17) Washington State,9,
247,6,Oct 1 1994,Sat,(10) Texas A&M,23,,Texas Tech,17,
248,6,Oct 1 1994,Sat,Texas-El Paso,34,,Hawaii,28,
249,6,Oct 1 1994,Sat,Toledo,31,@,Ohio,6,
250,6,Oct 1 1994,Sat,Virginia,37,,William & Mary,3,
251,6,Oct 1 1994,Sat,Wake Forest,33,,Army,27,
252,6,Oct 1 1994,Sat,(12) Washington,37,,UCLA,10,
253,6,Oct 1 1994,Sat,West Virginia,34,@,Missouri,10,
254,6,Oct 1 1994,Sat,Western Michigan,24,,Kent State,10,
255,7,Oct 6 1994,Thu,(19) Kansas State,21,@,Kansas,13,
256,7,Oct 8 1994,Sat,Air Force,43,,Navy,21,
257,7,Oct 8 1994,Sat,(11) Alabama,14,,Southern Mississippi,6,
258,7,Oct 8 1994,Sat,Arizona State,36,,Stanford,35,
259,7,Oct 8 1994,Sat,(9) Auburn,42,@,Mississippi State,18,
260,7,Oct 8 1994,Sat,Ball State,24,@,Toledo,24,
261,7,Oct 8 1994,Sat,Baylor,44,,Southern Methodist,10,
262,7,Oct 8 1994,Sat,Boston College,30,,(8) Notre Dame,11,
263,7,Oct 8 1994,Sat,Bowling Green State,32,,Ohio,0,
264,7,Oct 8 1994,Sat,Brigham Young,32,@,Fresno State,30,
265,7,Oct 8 1994,Sat,California,26,,UCLA,7,
266,7,Oct 8 1994,Sat,Central Michigan,35,,Western Michigan,28,
267,7,Oct 8 1994,Sat,(5) Colorado,38,@,Missouri,23,
268,7,Oct 8 1994,Sat,(23) Colorado State,21,@,(6) Arizona,16,
269,7,Oct 8 1994,Sat,East Carolina,56,@,South Carolina,42,
270,7,Oct 8 1994,Sat,Eastern Michigan,24,@,Kent State,10,
271,7,Oct 8 1994,Sat,(1) Florida,42,,Louisiana State,18,
272,7,Oct 8 1994,Sat,Georgia,40,,Clemson,14,
273,7,Oct 8 1994,Sat,Illinois,24,@,(17) Ohio State,10,
274,7,Oct 8 1994,Sat,Indiana,27,@,Iowa,20,
275,7,Oct 8 1994,Sat,Louisiana,26,,Arkansas State,0,
276,7,Oct 8 1994,Sat,Louisville,35,,(18) North Carolina State,14,
277,7,Oct 8 1994,Sat,Memphis,13,,Tulane,0,
278,7,Oct 8 1994,Sat,(13) Miami (FL),34,,(3) Florida State,20,
279,7,Oct 8 1994,Sat,Miami (OH),50,,Akron,14,
280,7,Oct 8 1994,Sat,(7) Michigan,40,,Michigan State,20,
281,7,Oct 8 1994,Sat,(2) Nebraska,32,,Oklahoma State,3,
282,7,Oct 8 1994,Sat,Nevada,38,,Pacific,26,
283,7,Oct 8 1994,Sat,Nevada-Las Vegas,24,,Louisiana Tech,20,
284,7,Oct 8 1994,Sat,New Mexico,38,@,Hawaii,21,
285,7,Oct 8 1994,Sat,(14) North Carolina,31,,Georgia Tech,24,
286,7,Oct 8 1994,Sat,Northern Illinois,48,,New Mexico State,27,
287,7,Oct 8 1994,Sat,Purdue,49,,Minnesota,37,
288,7,Oct 8 1994,Sat,Rice,24,,Texas Tech,21,
289,7,Oct 8 1994,Sat,Rutgers,16,N,Army,14,
290,7,Oct 8 1994,Sat,Southern California,27,@,Oregon State,19,
291,7,Oct 8 1994,Sat,(21) Syracuse,31,,Pittsburgh,7,
292,7,Oct 8 1994,Sat,Tennessee,38,,Arkansas,21,
293,7,Oct 8 1994,Sat,(15) Texas,17,N,(16) Oklahoma,10,
294,7,Oct 8 1994,Sat,(10) Texas A&M,38,@,Houston,7,
295,7,Oct 8 1994,Sat,Texas-El Paso,24,@,Tulsa,17,
296,7,Oct 8 1994,Sat,(25) Utah,38,@,San Diego State,22,
297,7,Oct 8 1994,Sat,Vanderbilt,34,@,Cincinnati,24,
298,7,Oct 8 1994,Sat,Virginia,42,@,Wake Forest,6,
299,7,Oct 8 1994,Sat,(20) Virginia Tech,41,,Temple,13,
300,7,Oct 8 1994,Sat,(12) Washington,34,,San Jose State,20,
301,7,Oct 8 1994,Sat,(22) Washington State,21,,Oregon,7,
302,7,Oct 8 1994,Sat,(24) Wisconsin,46,@,Northwestern,14,
303,7,Oct 8 1994,Sat,Wyoming,28,,Louisiana-Monroe,14,
304,8,Oct 15 1994,Sat,(10) Alabama,17,@,Tennessee,13,
305,8,Oct 15 1994,Sat,(14) Arizona,10,@,(20) Washington State,7,
306,8,Oct 15 1994,Sat,Arkansas,31,,Mississippi,7,
307,8,Oct 15 1994,Sat,Army,30,,Louisville,29,
308,8,Oct 15 1994,Sat,(6) Auburn,36,@,(1) Florida,33,
309,8,Oct 15 1994,Sat,Ball State,16,,Western Michigan,13,
310,8,Oct 15 1994,Sat,(24) Boston College,45,,Temple,28,
311,8,Oct 15 1994,Sat,Bowling Green State,31,@,Toledo,16,
312,8,Oct 15 1994,Sat,Brigham Young,21,@,(17) Notre Dame,14,
313,8,Oct 15 1994,Sat,Central Florida,33,@,Louisiana-Monroe,16,
314,8,Oct 15 1994,Sat,Central Michigan,47,@,Akron,0,
315,8,Oct 15 1994,Sat,(4) Colorado,45,,(22) Oklahoma,7,
316,8,Oct 15 1994,Sat,(13) Colorado State,47,,Texas-El Paso,9,
317,8,Oct 15 1994,Sat,(25) Duke,19,,Clemson,13,
318,8,Oct 15 1994,Sat,Fresno State,38,,Wyoming,24,
319,8,Oct 15 1994,Sat,Houston,39,@,Southern Methodist,33,
320,8,Oct 15 1994,Sat,Illinois,47,,Iowa,7,
321,8,Oct 15 1994,Sat,Kansas,41,@,Iowa State,23,
322,8,Oct 15 1994,Sat,Louisiana State,17,,Kentucky,13,
323,8,Oct 15 1994,Sat,Memphis,15,,Arkansas State,6,
324,8,Oct 15 1994,Sat,Miami (OH),31,@,Ohio,10,
325,8,Oct 15 1994,Sat,Mississippi State,41,@,South Carolina,36,
326,8,Oct 15 1994,Sat,Missouri,24,@,Oklahoma State,15,
327,8,Oct 15 1994,Sat,Navy,7,,Lafayette,0,
328,8,Oct 15 1994,Sat,(2) Nebraska,17,@,(16) Kansas State,6,
329,8,Oct 15 1994,Sat,Nevada,45,,New Mexico State,24,
330,8,Oct 15 1994,Sat,(15) North Carolina,41,,Maryland,17,
331,8,Oct 15 1994,Sat,North Carolina State,34,,Wake Forest,3,
332,8,Oct 15 1994,Sat,Northwestern,37,@,Minnesota,31,
333,8,Oct 15 1994,Sat,Ohio State,23,@,Michigan State,7,
334,8,Oct 15 1994,Sat,Oregon,23,,California,7,
335,8,Oct 15 1994,Sat,Oregon State,23,@,UCLA,14,
336,8,Oct 15 1994,Sat,Pacific,41,,Northern Illinois,32,
337,8,Oct 15 1994,Sat,(3) Penn State,31,@,(5) Michigan,24,
338,8,Oct 15 1994,Sat,Purdue,27,@,(23) Wisconsin,27,
339,8,Oct 15 1994,Sat,Rutgers,14,,Cincinnati,9,
340,8,Oct 15 1994,Sat,San Diego State,20,@,New Mexico,13,
341,8,Oct 15 1994,Sat,Southern California,27,@,Stanford,20,
342,8,Oct 15 1994,Sat,Southern Mississippi,43,,Louisiana,20,
343,8,Oct 15 1994,Sat,(7) Texas A&M,41,,Baylor,21,
344,8,Oct 15 1994,Sat,Texas Christian,30,@,Tulane,28,
345,8,Oct 15 1994,Sat,Tulsa,44,,Nevada-Las Vegas,22,
346,8,Oct 15 1994,Sat,(21) Utah,14,,Hawaii,3,
347,8,Oct 15 1994,Sat,Utah State,7,@,Louisiana Tech,3,
348,8,Oct 15 1994,Sat,Vanderbilt,43,@,Georgia,30,
349,8,Oct 15 1994,Sat,Virginia,24,@,Georgia Tech,7,
350,8,Oct 15 1994,Sat,(19) Virginia Tech,27,@,East Carolina,20,
351,8,Oct 15 1994,Sat,(9) Washington,35,,Arizona State,14,
352,8,Oct 15 1994,Sat,West Virginia,47,@,Pittsburgh,41,
353,8,Oct 15 1994,Sat,Youngstown State,28,,Kent State,14,
354,8,Oct 16 1994,Sun,Rice,19,,(12) Texas,17,
355,9,Oct 22 1994,Sat,Air Force,42,,Fresno State,7,
356,9,Oct 22 1994,Sat,(8) Alabama,21,,Mississippi,10,
357,9,Oct 22 1994,Sat,(14) Arizona,34,,UCLA,24,
358,9,Oct 22 1994,Sat,Army,25,,Citadel,24,
359,9,Oct 22 1994,Sat,Bowling Green State,59,,Ball State,36,
360,9,Oct 22 1994,Sat,(21) Brigham Young,34,@,Texas-El Paso,28,
361,9,Oct 22 1994,Sat,Central Michigan,32,,Miami (OH),30,
362,9,Oct 22 1994,Sat,(2) Colorado,35,,(19) Kansas State,21,
363,9,Oct 22 1994,Sat,(20) Duke,51,@,Wake Forest,26,
364,9,Oct 22 1994,Sat,East Carolina,28,@,Tulsa,21,
365,9,Oct 22 1994,Sat,(10) Florida State,17,,Clemson,0,
366,9,Oct 22 1994,Sat,Georgia,34,@,Kentucky,30,
367,9,Oct 22 1994,Sat,Iowa,19,,Michigan State,14,
368,9,Oct 22 1994,Sat,Iowa State,31,@,Oklahoma State,31,
369,9,Oct 22 1994,Sat,Jacksonville State,32,@,Louisiana-Monroe,28,
370,9,Oct 22 1994,Sat,Kent State,24,,Ohio,0,
371,9,Oct 22 1994,Sat,Louisiana,27,@,Utah State,25,
372,9,Oct 22 1994,Sat,Louisville,35,@,Navy,14,
373,9,Oct 22 1994,Sat,Maryland,42,,Georgia Tech,27,
374,9,Oct 22 1994,Sat,Memphis,26,,Cincinnati,3,
375,9,Oct 22 1994,Sat,(7) Miami (FL),38,@,West Virginia,6,
376,9,Oct 22 1994,Sat,(11) Michigan,19,@,Illinois,14,
377,9,Oct 22 1994,Sat,Minnesota,17,@,Wisconsin,14,
378,9,Oct 22 1994,Sat,Mississippi State,66,,Tulane,22,
379,9,Oct 22 1994,Sat,(3) Nebraska,42,@,Missouri,7,
380,9,Oct 22 1994,Sat,Nevada,42,@,San Jose State,10,
381,9,Oct 22 1994,Sat,New Mexico,56,@,New Mexico State,31,
382,9,Oct 22 1994,Sat,Northern Illinois,27,,Louisiana Tech,17,
383,9,Oct 22 1994,Sat,Northwestern,20,@,Indiana,7,
384,9,Oct 22 1994,Sat,(24) Ohio State,48,,Purdue,14,
385,9,Oct 22 1994,Sat,Oklahoma,20,@,Kansas,17,
386,9,Oct 22 1994,Sat,Oregon,31,,(9) Washington,20,
387,9,Oct 22 1994,Sat,Pacific,30,@,Arkansas State,16,
388,9,Oct 22 1994,Sat,Rutgers,7,@,(22) Boston College,7,
389,9,Oct 22 1994,Sat,South Carolina,19,@,Vanderbilt,16,
390,9,Oct 22 1994,Sat,Southern California,61,,California,0,
391,9,Oct 22 1994,Sat,Southern Mississippi,59,,Samford,16,
392,9,Oct 22 1994,Sat,Stanford,35,@,Oregon State,29,
393,9,Oct 22 1994,Sat,(16) Syracuse,49,@,Temple,42,
394,9,Oct 22 1994,Sat,(13) Texas,42,,Southern Methodist,20,
395,9,Oct 22 1994,Sat,(6) Texas A&M,7,,Rice,0,
396,9,Oct 22 1994,Sat,Texas Christian,31,@,Houston,10,
397,9,Oct 22 1994,Sat,Texas Tech,38,,Baylor,7,
398,9,Oct 22 1994,Sat,Toledo,48,@,Akron,25,
399,9,Oct 22 1994,Sat,(18) Utah,45,@,(12) Colorado State,31,
400,9,Oct 22 1994,Sat,(25) Virginia,34,,(15) North Carolina,10,
401,9,Oct 22 1994,Sat,(17) Virginia Tech,45,,Pittsburgh,7,
402,9,Oct 22 1994,Sat,(23) Washington State,28,@,Arizona State,21,
403,9,Oct 22 1994,Sat,Western Michigan,33,,Eastern Michigan,14,
404,9,Oct 22 1994,Sat,Wyoming,52,,San Diego State,35,
405,10,Oct 29 1994,Sat,Air Force,34,@,Wyoming,17,
406,10,Oct 29 1994,Sat,Arizona State,36,@,(20) Brigham Young,15,
407,10,Oct 29 1994,Sat,(4) Auburn,31,,Arkansas,14,
408,10,Oct 29 1994,Sat,Baylor,52,,Houston,13,
409,10,Oct 29 1994,Sat,Boston College,30,@,Army,3,
410,10,Oct 29 1994,Sat,Bowling Green State,27,,Miami (OH),16,
411,10,Oct 29 1994,Sat,Central Michigan,22,@,Ohio,10,
412,10,Oct 29 1994,Sat,Clemson,24,,Wake Forest,8,
413,10,Oct 29 1994,Sat,East Carolina,35,,Cincinnati,21,
414,10,Oct 29 1994,Sat,Eastern Michigan,41,@,Ball State,20,
415,10,Oct 29 1994,Sat,(5) Florida,52,,Georgia,14,
416,10,Oct 29 1994,Sat,(9) Florida State,59,,(16) Duke,20,
417,10,Oct 29 1994,Sat,Illinois,28,@,Northwestern,7,
418,10,Oct 29 1994,Sat,Iowa,21,@,Purdue,21,
419,10,Oct 29 1994,Sat,Kansas,24,,Oklahoma State,14,
420,10,Oct 29 1994,Sat,(23) Kansas State,37,@,Oklahoma,20,
421,10,Oct 29 1994,Sat,Louisville,10,,Memphis,6,
422,10,Oct 29 1994,Sat,Maryland,38,,Tulane,10,
423,10,Oct 29 1994,Sat,(6) Miami (FL),24,,(13) Virginia Tech,3,
424,10,Oct 29 1994,Sat,Michigan State,27,,Indiana,21,
425,10,Oct 29 1994,Sat,Mississippi,34,,Louisiana State,21,
426,10,Oct 29 1994,Sat,Mississippi State,47,@,Kentucky,7,
427,10,Oct 29 1994,Sat,Missouri,34,@,Iowa State,20,
428,10,Oct 29 1994,Sat,(3) Nebraska,24,,(2) Colorado,7,
429,10,Oct 29 1994,Sat,Nevada-Las Vegas,23,,San Jose State,10,
430,10,Oct 29 1994,Sat,New Mexico,49,@,Fresno State,32,
431,10,Oct 29 1994,Sat,(24) North Carolina,31,,North Carolina State,17,
432,10,Oct 29 1994,Sat,Notre Dame,58,,Navy,21,
433,10,Oct 29 1994,Sat,Oregon,10,,(11) Arizona,9,
434,10,Oct 29 1994,Sat,Pacific,28,,Utah State,6,
435,10,Oct 29 1994,Sat,(1) Penn State,63,,(21) Ohio State,14,
436,10,Oct 29 1994,Sat,Pittsburgh,45,,Temple,19,
437,10,Oct 29 1994,Sat,San Diego State,38,,Hawaii,23,
438,10,Oct 29 1994,Sat,Southern Mississippi,47,,Tulsa,29,
439,10,Oct 29 1994,Sat,Tennessee,31,@,South Carolina,22,
440,10,Oct 29 1994,Sat,(7) Texas A&M,21,N,Southern Methodist,21,
441,10,Oct 29 1994,Sat,Texas Christian,27,,Rice,25,
442,10,Oct 29 1994,Sat,Texas Tech,33,,(19) Texas,9,
443,10,Oct 29 1994,Sat,Toledo,48,,Kent State,14,
444,10,Oct 29 1994,Sat,UCLA,31,,Stanford,30,
445,10,Oct 29 1994,Sat,(12) Utah,52,,Texas-El Paso,7,
446,10,Oct 29 1994,Sat,Vanderbilt,17,,Northern Illinois,16,
447,10,Oct 29 1994,Sat,(15) Washington,24,,Oregon State,10,
448,10,Oct 29 1994,Sat,(22) Washington State,26,@,California,23,
449,10,Oct 29 1994,Sat,West Virginia,52,,Louisiana Tech,16,
450,10,Oct 29 1994,Sat,Wisconsin,31,@,(10) Michigan,19,
451,10,Oct 29 1994,Sat,Youngstown State,41,,Akron,7,
452,11,Nov 3 1994,Thu,Boston College,35,@,Louisville,14,
453,11,Nov 5 1994,Sat,Air Force,10,@,Army,6,
454,11,Nov 5 1994,Sat,(6) Alabama,35,@,Louisiana State,17,
455,11,Nov 5 1994,Sat,(18) Arizona,13,,California,6,
456,11,Nov 5 1994,Sat,(3) Auburn,38,,East Carolina,21,
457,11,Nov 5 1994,Sat,Bowling Green State,22,@,Kent State,16,
458,11,Nov 5 1994,Sat,(25) Brigham Young,24,,Louisiana-Monroe,10,
459,11,Nov 5 1994,Sat,Central Michigan,45,,Toledo,27,
460,11,Nov 5 1994,Sat,Cincinnati,28,,Troy,24,
461,11,Nov 5 1994,Sat,Clemson,28,@,(19) North Carolina,17,
462,11,Nov 5 1994,Sat,(7) Colorado,17,,Oklahoma State,3,
463,11,Nov 5 1994,Sat,(14) Colorado State,35,,Wyoming,24,
464,11,Nov 5 1994,Sat,(23) Duke,28,,(13) Virginia,25,
465,11,Nov 5 1994,Sat,Eastern Michigan,42,,Akron,18,
466,11,Nov 5 1994,Sat,Eastern Washington,49,@,Utah State,31,
467,11,Nov 5 1994,Sat,(4) Florida,55,,Southern Mississippi,17,
468,11,Nov 5 1994,Sat,(8) Florida State,41,@,Georgia Tech,10,
469,11,Nov 5 1994,Sat,Illinois,21,@,Minnesota,17,
470,11,Nov 5 1994,Sat,(15) Kansas State,38,,Iowa State,20,
471,11,Nov 5 1994,Sat,Louisiana,28,,Nevada-Las Vegas,27,
472,11,Nov 5 1994,Sat,Louisiana Tech,38,,Northwestern State,28,
473,11,Nov 5 1994,Sat,Memphis,17,@,Mississippi,16,
474,11,Nov 5 1994,Sat,(5) Miami (FL),27,@,(10) Syracuse,6,
475,11,Nov 5 1994,Sat,Miami (OH),24,,Ball State,21,
476,11,Nov 5 1994,Sat,(20) Michigan,45,@,Purdue,23,
477,11,Nov 5 1994,Sat,Michigan State,35,@,Northwestern,17,
478,11,Nov 5 1994,Sat,(24) Mississippi State,17,,Arkansas,7,
479,11,Nov 5 1994,Sat,Navy,17,@,Tulane,15,
480,11,Nov 5 1994,Sat,(1) Nebraska,45,,Kansas,17,
481,11,Nov 5 1994,Sat,Nevada,62,@,Fresno State,35,
482,11,Nov 5 1994,Sat,New Mexico,23,,(9) Utah,21,
483,11,Nov 5 1994,Sat,New Mexico State,24,@,San Jose State,21,
484,11,Nov 5 1994,Sat,North Carolina State,47,@,Maryland,45,
485,11,Nov 5 1994,Sat,Northern Illinois,38,@,Arkansas State,16,
486,11,Nov 5 1994,Sat,Ohio State,24,,Wisconsin,3,
487,11,Nov 5 1994,Sat,Oklahoma,30,,Missouri,13,
488,11,Nov 5 1994,Sat,(21) Oregon,34,,Arizona State,10,
489,11,Nov 5 1994,Sat,Oregon State,24,,Pacific,12,
490,11,Nov 5 1994,Sat,(2) Penn State,35,@,Indiana,29,
491,11,Nov 5 1994,Sat,Rice,17,,Southern Methodist,10,
492,11,Nov 5 1994,Sat,Rutgers,38,,Temple,21,
493,11,Nov 5 1994,Sat,(22) Southern California,23,@,(16) Washington State,10,
494,11,Nov 5 1994,Sat,Stanford,46,,(12) Washington,28,
495,11,Nov 5 1994,Sat,(11) Texas A&M,34,@,Texas,10,
496,11,Nov 5 1994,Sat,Vanderbilt,24,@,Kentucky,6,
497,11,Nov 5 1994,Sat,Western Michigan,15,,Ohio,3,
498,12,Nov 10 1994,Thu,(23) Brigham Young,35,,San Diego State,28,
499,12,Nov 12 1994,Sat,Air Force,40,,(12) Utah,33,
500,12,Nov 12 1994,Sat,(6) Alabama,29,@,(20) Mississippi State,25,
501,12,Nov 12 1994,Sat,Arkansas,30,,Northern Illinois,27,
502,12,Nov 12 1994,Sat,Ball State,38,,Akron,28,
503,12,Nov 12 1994,Sat,Baylor,19,@,Rice,14,
504,12,Nov 12 1994,Sat,(25) Boston College,31,,(14) Syracuse,0,
505,12,Nov 12 1994,Sat,Boston University,21,@,Army,12,
506,12,Nov 12 1994,Sat,Central Michigan,36,@,Bowling Green State,33,
507,12,Nov 12 1994,Sat,Clemson,20,,Georgia Tech,10,
508,12,Nov 12 1994,Sat,(7) Colorado,51,@,Kansas,26,
509,12,Nov 12 1994,Sat,(10) Colorado State,48,,Arkansas State,3,
510,12,Nov 12 1994,Sat,East Carolina,23,,Central Florida,20,
511,12,Nov 12 1994,Sat,Eastern Michigan,24,@,Ohio,13,
512,12,Nov 12 1994,Sat,(4) Florida,48,,South Carolina,17,
513,12,Nov 12 1994,Sat,(8) Florida State,23,,Notre Dame,16,
514,12,Nov 12 1994,Sat,Fresno State,30,@,Texas-El Paso,30,
515,12,Nov 12 1994,Sat,Georgia,23,@,(3) Auburn,23,
516,12,Nov 12 1994,Sat,Hawaii,34,,Southeast Missouri State,0,
517,12,Nov 12 1994,Sat,Iowa,49,,Northwestern,13,
518,12,Nov 12 1994,Sat,(11) Kansas State,21,@,Missouri,18,
519,12,Nov 12 1994,Sat,Louisiana-Monroe,21,@,Kentucky,14,
520,12,Nov 12 1994,Sat,(5) Miami (FL),17,,Pittsburgh,12,
521,12,Nov 12 1994,Sat,Miami (OH),24,,Kent State,14,
522,12,Nov 12 1994,Sat,(19) Michigan,38,,Minnesota,22,
523,12,Nov 12 1994,Sat,Michigan State,42,,Purdue,30,
524,12,Nov 12 1994,Sat,Mississippi,38,@,Tulane,0,
525,12,Nov 12 1994,Sat,(1) Nebraska,28,@,Iowa State,12,
526,12,Nov 12 1994,Sat,Nevada,56,,Utah State,28,
527,12,Nov 12 1994,Sat,North Carolina,50,@,Wake Forest,0,
528,12,Nov 12 1994,Sat,North Carolina State,24,,(18) Duke,23,
529,12,Nov 12 1994,Sat,Ohio State,32,@,Indiana,17,
530,12,Nov 12 1994,Sat,Oklahoma,33,@,Oklahoma State,14,
531,12,Nov 12 1994,Sat,(15) Oregon,55,@,Stanford,21,
532,12,Nov 12 1994,Sat,Oregon State,21,,(24) Washington State,3,
533,12,Nov 12 1994,Sat,Pacific,21,@,New Mexico State,14,
534,12,Nov 12 1994,Sat,(2) Penn State,35,@,Illinois,31,
535,12,Nov 12 1994,Sat,San Jose State,27,@,Louisiana Tech,6,
536,12,Nov 12 1994,Sat,(17) Southern California,45,,(13) Arizona,28,
537,12,Nov 12 1994,Sat,Southern Mississippi,20,@,Louisiana State,18,
538,12,Nov 12 1994,Sat,Tennessee,24,,Memphis,13,
539,12,Nov 12 1994,Sat,Texas,48,,Houston,13,
540,12,Nov 12 1994,Sat,(9) Texas A&M,26,@,Louisville,10,
541,12,Nov 12 1994,Sat,Texas Christian,35,@,Southern Methodist,14,
542,12,Nov 12 1994,Sat,Texas Tech,39,,Louisiana,7,
543,12,Nov 12 1994,Sat,Toledo,37,,Western Michigan,34,
544,12,Nov 12 1994,Sat,Tulsa,38,,Missouri State,28,
545,12,Nov 12 1994,Sat,UCLA,59,@,Arizona State,23,
546,12,Nov 12 1994,Sat,(21) Virginia,46,,Maryland,21,
547,12,Nov 12 1994,Sat,(16) Virginia Tech,41,,Rutgers,34,
548,12,Nov 12 1994,Sat,(22) Washington,31,,California,19,
549,12,Nov 12 1994,Sat,West Virginia,55,@,Temple,17,
550,12,Nov 12 1994,Sat,Wisconsin,38,,Cincinnati,7,
551,12,Nov 12 1994,Sat,Wyoming,38,,New Mexico,28,
552,13,Nov 19 1994,Sat,Akron,24,,Ohio,10,
553,13,Nov 19 1994,Sat,(4) Alabama,21,,(6) Auburn,14,
554,13,Nov 19 1994,Sat,Ball State,34,@,Kent State,0,
555,13,Nov 19 1994,Sat,California,24,,Stanford,23,
556,13,Nov 19 1994,Sat,Cincinnati,28,,Tulsa,13,
557,13,Nov 19 1994,Sat,(7) Colorado,41,,Iowa State,20,
558,13,Nov 19 1994,Sat,(10) Colorado State,44,@,Fresno State,42,
559,13,Nov 19 1994,Sat,East Carolina,30,@,Memphis,6,
560,13,Nov 19 1994,Sat,Eastern Michigan,40,,Toledo,37,
561,13,Nov 19 1994,Sat,(3) Florida,24,@,Vanderbilt,7,
562,13,Nov 19 1994,Sat,(8) Florida State,34,@,(25) North Carolina State,3,
563,13,Nov 19 1994,Sat,Indiana,33,@,Purdue,29,
564,13,Nov 19 1994,Sat,Iowa,49,@,Minnesota,42,
565,13,Nov 19 1994,Sat,Kansas,31,@,Missouri,14,
566,13,Nov 19 1994,Sat,(11) Kansas State,23,,Oklahoma State,6,
567,13,Nov 19 1994,Sat,Louisiana,17,,Western Michigan,14,
568,13,Nov 19 1994,Sat,Louisiana State,49,@,Tulane,25,
569,13,Nov 19 1994,Sat,Louisiana Tech,20,@,Arkansas State,14,
570,13,Nov 19 1994,Sat,Louisiana-Monroe,38,,North Texas,20,
571,13,Nov 19 1994,Sat,(5) Miami (FL),38,@,Temple,14,
572,13,Nov 19 1994,Sat,Navy,29,,Rice,17,
573,13,Nov 19 1994,Sat,Nevada-Las Vegas,32,,Nevada,27,
574,13,Nov 19 1994,Sat,New Mexico,25,,Texas-El Paso,21,
575,13,Nov 19 1994,Sat,North Carolina,41,@,(24) Duke,40,
576,13,Nov 19 1994,Sat,Notre Dame,42,,Air Force,30,
577,13,Nov 19 1994,Sat,(22) Ohio State,22,,(15) Michigan,6,
578,13,Nov 19 1994,Sat,(12) Oregon,17,@,Oregon State,13,
579,13,Nov 19 1994,Sat,(2) Penn State,45,,Northwestern,17,
580,13,Nov 19 1994,Sat,Pittsburgh,35,,Rutgers,21,
581,13,Nov 19 1994,Sat,San Jose State,28,@,Pacific,15,
582,13,Nov 19 1994,Sat,South Carolina,33,@,Clemson,7,
583,13,Nov 19 1994,Sat,Syracuse,21,,Maryland,16,
584,13,Nov 19 1994,Sat,Tennessee,52,,Kentucky,0,
585,13,Nov 19 1994,Sat,(9) Texas A&M,34,,Texas Christian,17,
586,13,Nov 19 1994,Sat,Texas Tech,34,N,Houston,0,
587,13,Nov 19 1994,Sat,UCLA,31,,(13) Southern California,19,
588,13,Nov 19 1994,Sat,(21) Utah,34,,(20) Brigham Young,31,
589,13,Nov 19 1994,Sat,Utah State,47,,New Mexico State,20,
590,13,Nov 19 1994,Sat,(16) Virginia,42,@,(14) Virginia Tech,23,
591,13,Nov 19 1994,Sat,Wake Forest,20,@,Georgia Tech,13,
592,13,Nov 19 1994,Sat,Washington State,23,,(18) Washington,6,
593,13,Nov 19 1994,Sat,West Virginia,21,,(17) Boston College,20,
594,13,Nov 19 1994,Sat,Wisconsin,19,,Illinois,13,
595,13,Nov 19 1994,Sat,Wyoming,13,@,Hawaii,10,
596,14,Nov 24 1994,Thu,Texas,63,@,Baylor,35,
597,14,Nov 24 1994,Thu,West Virginia,13,,(22) Syracuse,0,
598,14,Nov 25 1994,Fri,(16) Arizona,28,,Arizona State,27,
599,14,Nov 25 1994,Fri,Georgia,48,,Georgia Tech,10,
600,14,Nov 25 1994,Fri,(1) Nebraska,13,@,Oklahoma,3,
601,14,Nov 25 1994,Fri,North Carolina State,30,@,(13) Virginia,27,
602,14,Nov 25 1994,Fri,Texas Christian,24,,Texas Tech,17,
603,14,Nov 26 1994,Sat,(4) Florida,31,@,(7) Florida State,31,
604,14,Nov 26 1994,Sat,Fresno State,49,@,San Diego State,42,
605,14,Nov 26 1994,Sat,(11) Kansas State,42,@,Nevada-Las Vegas,3,
606,14,Nov 26 1994,Sat,Louisiana State,30,@,Arkansas,12,
607,14,Nov 26 1994,Sat,Louisville,34,,Tulsa,27,
608,14,Nov 26 1994,Sat,(5) Miami (FL),23,,(25) Boston College,7,
609,14,Nov 26 1994,Sat,(19) Mississippi State,21,@,Mississippi,17,
610,14,Nov 26 1994,Sat,Missouri,32,@,Hawaii,32,
611,14,Nov 26 1994,Sat,Notre Dame,17,@,(17) Southern California,17,
612,14,Nov 26 1994,Sat,(2) Penn State,59,,Michigan State,31,
613,14,Nov 26 1994,Sat,Rice,31,@,Houston,13,
614,14,Nov 26 1994,Sat,Tennessee,65,@,Vanderbilt,0,
615,15,Dec 3 1994,Sat,Air Force,37,@,Hawaii,24,
616,15,Dec 3 1994,Sat,Army,22,N,Navy,20,
617,15,Dec 3 1994,Sat,(6) Florida,24,N,(3) Alabama,23,SEC Championship (Atlanta GA)
618,16,Dec 15 1994,Thu,Nevada-Las Vegas,52,,Central Michigan,24,Las Vegas Bowl (Las Vegas NV)
619,17,Dec 25 1994,Sun,Boston College,12,N,(11) Kansas State,7,Aloha Bowl (Honolulu HI)
620,18,Dec 27 1994,Tue,(14) Utah,16,N,(15) Arizona,13,Freedom Bowl (Anaheim CA)
621,18,Dec 28 1994,Wed,(18) Virginia,20,N,Texas Christian,10,Independence Bowl (Shreveport LA)
622,18,Dec 29 1994,Thu,(22) Brigham Young,31,N,Oklahoma,6,Copper Bowl (Tucson AZ)
623,18,Dec 30 1994,Fri,(20) Michigan,24,N,(10) Colorado State,14,Holiday Bowl (San Diego CA)
624,18,Dec 30 1994,Fri,Tennessee,45,N,(17) Virginia Tech,23,Gator Bowl (Gainesville FL)
625,18,Dec 30 1994,Fri,Texas,35,N,(19) North Carolina,31,Sun Bowl (El Paso TX)
626,18,Dec 31 1994,Sat,Illinois,30,N,East Carolina,0,Liberty Bowl (Memphis TN)
627,18,Dec 31 1994,Sat,(24) Washington State,10,N,Baylor,3,Alamo Bowl (San Antonio TX)
628,18,Jan 1 1995,Sun,(1) Nebraska,24,@,(3) Miami (FL),17,Orange Bowl (Miami FL)
629,18,Jan 1 1995,Sun,(23) North Carolina State,28,N,(16) Mississippi State,24,Peach Bowl (Atlanta GA)
630,19,Jan 2 1995,Mon,(6) Alabama,24,N,(13) Ohio State,17,Citrus Bowl (Orlando FL)
631,19,Jan 2 1995,Mon,(4) Colorado,41,N,Notre Dame,24,Fiesta Bowl (Tempe AZ)
632,19,Jan 2 1995,Mon,(7) Florida State,23,N,(5) Florida,17,Sugar Bowl (New Orleans LA)
633,19,Jan 2 1995,Mon,(2) Penn State,38,N,(12) Oregon,20,Rose Bowl (Pasadena CA)
634,19,Jan 2 1995,Mon,South Carolina,24,N,West Virginia,21,Carquest Bowl (Miami FL)
635,19,Jan 2 1995,Mon,(21) Southern California,55,N,Texas Tech,14,Cotton Bowl (Dallas TX)
636,19,Jan 2 1995,Mon,Wisconsin,34,N,(25) Duke,20,Hall of Fame Bowl (Tampa FL)