"","V1","V2","V3","V4","V5","V6"
"1","0","0","0","0","0","0"
"2","0","0","0","0","0","0"
"3","Louisiana Tech","Mississippi Valley State","53","1","",""
"4","0","0","0","0","0","0"
"5","0","0","0","0","0","0"
"6","0","0","0","0","0","0"
"7","Wake Forest","Appalachian State","-4","2","",""
"8","San Diego State","Arizona State","-3","2"," H -12"," H 3"
"9","Auburn","Wyoming","14","2","",""
"10","North Texas","Baylor","-13","2"," A 6"," A 28"
"11","Marshall","Southeast Missouri State","56","2","",""
"12","Miami (FL)","McNeese State","47","2","",""
"13","Northwestern","Northern Illinois","18","2","",""
"14","Wisconsin","Western Michigan","12","2"," A -6"," A -6"
"15","Air Force","Cal State Northridge","49","2","",""
"16","Utah","Arizona","-14","2"," H -17 A -14"," H 6 H 14"
"17","0","0","0","0","0","0"
"18","New Mexico","Boise State","-17","2"," A -3"," A -3"
"19","Virginia","Brigham Young","-3","2","",""
"20","Clemson","Citadel","38","2","",""
"21","0","0","0","0","0","0"
"22","Duke","East Carolina","-38","2","",""
"23","Eastern Michigan","Connecticut","7","2","",""
"24","Florida","Ball State","21","2","",""
"25","Georgia","Georgia Southern","22","2","",""
"26","Georgia Tech","Central Florida","4","2","",""
"27","Illinois","Middle Tennessee State","29","2","",""
"28","Iowa State","Ohio","10","2","",""
"29","Kansas State","Louisiana Tech","44","2","",""
"30","Louisiana State","Western Carolina","58","2","",""
"31","Louisville","Kentucky","6","2","",""
"32","Vanderbilt","Miami (OH)","-3","2","",""
"33","Michigan","Bowling Green State","35","2","",""
"34","Minnesota","Louisiana-Monroe","37","2","",""
"35","Mississippi","Tulane","29","2","",""
"36","Memphis","Mississippi State","-14","2","",""
"37","Missouri","Western Illinois","30","2","",""
"38","Nebraska","San Jose State","36","2","",""
"39","North Carolina","Tulsa","21","2","",""
"40","North Carolina State","Arkansas State","7","2","",""
"41","Notre Dame","Texas A&amp;M","14","2","",""
"42","Ohio State","Fresno State","33","2","",""
"43","Oklahoma","Texas-El Paso","41","2"," H 28 A -4"," H 17 A 28"
"44","Oregon","Nevada","29","2","",""
"45","Oregon State","Eastern Washington","2","2","",""
"46","Pittsburgh","Kent State","23","2"," A -18"," H -7"
"47","Purdue","Central Michigan","48","2"," H 35"," H -3"
"48","Rice","Houston","3","2"," H 29"," H 2"
"49","Rutgers","Villanova","13","2","",""
"50","Louisiana-Lafayette","Sam Houston State","-7","2","",""
"51","South Carolina","New Mexico State","31","2"," H 11"," A 37"
"52","South Florida","Jacksonville State","40","2","",""
"53","Southern Methodist","Kansas","14","2","",""
"54","Washington State","Stanford","-14","2"," A 6 H -3 A 29 A -6"," H -24 H 22 A 32 H 2"
"55","Syracuse","Buffalo","56","2","",""
"56","Navy","Temple","-11","2"," A 41 H -7"," A 28 A -34"
"57","Tennessee","Southern Mississippi","3","2"," A -2"," H 21"
"58","Texas Tech","Utah State","22","2"," H 6"," A -5"
"59","Penn State","Toledo","-18","2","",""
"60","UCLA","Alabama","11","2","",""
"61","Virginia Tech","Akron","29","2"," A -23"," H 11"
"62","Washington","Idaho","24","2"," A 7"," A 29"
"63","West Virginia","Boston College","20","2"," A -5 A 28 H -14 H -4 A -7"," H 28 H -14 A 12 H 7 H 29"
"64","Cincinnati","Army","6","2"," A 5 H 17 A 14 A -3"," H 4 A 1 A 21 H -10"
"65","0","0","0","0","0","0"
"66","Alabama-Birmingham","Chattanooga","5","3","",""
"67","East Carolina","Virginia Tech","-17","3"," H 17 A 18"," A -8 H 28"
"68","Air Force","Brigham Young","8","3"," A 21 A -17 H -6 H 4"," H 3 H 12 H 24 A 24"
"69","0","0","0","0","0","0"
"70","Mississippi","Auburn","-8","3"," A -5 A -14 H -11 A 18"," H 33 H 2 H 17 H 3"
"71","Boise State","Northern Iowa","25","3","",""
"72","Army","Boston College","-38","3","",""
"73","California","Utah","3","3"," H -4"," H -17"
"74","Central Florida","Northwestern State","12","3","",""
"75","Central Michigan","Akron","10","3"," A 49"," A -3"
"76","Cincinnati","Syracuse","2","3","",""
"77","Clemson","Missouri","53","3","",""
"78","Colorado State","East Tennessee State","34","3","",""
"79","Connecticut","Colgate","30","3","",""
"80","Florida","Middle Tennessee State","55","3"," A 12"," A 26"
"81","Georgia Tech","Florida State","-5","3"," A 7 A -14 H 32 H 35 A -3 H 35 A -13"," A -44 H 49 A -29 H 49 H 47 H 34 A -52"
"82","San Diego State","Illinois","-36","3","",""
"83","Iowa State","Nevada-Las Vegas","15","3","",""
"84","Kentucky","South Florida","18","3","",""
"85","Louisiana State","Houston","15","3","",""
"86","Louisville","Grambling State","52","3","",""
"87","Maryland","Temple","7","3"," A 13"," H -5"
"88","Memphis","Louisiana-Monroe","28","3"," H -2"," A 67"
"89","Eastern Michigan","Miami (OH)","-17","3"," A 19 A 14"," H -5 H 14"
"90","Michigan","Rice","31","3","",""
"91","Michigan State","Marshall","10","3","",""
"92","0","0","0","0","0","0"
"93","Notre Dame","Nebraska","-3","3","",""
"94","Wake Forest","North Carolina","-21","3"," A 48 H -17 A 32 A 30 H -29"," H -14 A 11 H -14 H 3 A 49"
"95","Indiana","North Carolina State","-3","3","",""
"96","Northern Illinois","Illinois State","52","3","",""
"97","Northwestern","Duke","33","3","",""
"98","Minnesota","Ohio","-6","3","",""
"99","Arizona","Ohio State","-10","3","",""
"100","Oklahoma","Arkansas State","38","3","",""
"101","Tulsa","Oklahoma State","-10","3","",""
"102","New Mexico","Oregon State","-8","3"," H -1"," H 32"
"103","Penn State","Louisiana Tech","60","3","",""
"104","Bowling Green State","Pittsburgh","-18","3"," A 17 A -7"," A -7 H 23"
"105","Hawaii","Portland State","-25","3","",""
"106","Purdue","Kent State","35","3"," H 48"," A -3"
"107","Rutgers","Buffalo","59","3","",""
"108","Stanford","San Jose State","-13","3"," H 2"," A 10"
"109","South Carolina","Georgia","11","3"," H 31 A -3 H 20 A -16 H -3"," H 37 A -4 A -31 H 10 H 11"
"110","Southern California","Colorado","3","3","",""
"111","Texas","Louisiana-Lafayette","42","3"," A -12"," A 26"
"112","Texas A&amp;M","Wyoming","48","3","",""
"113","Nevada","Texas Christian","-31","3"," A 37 H -19 H -23 A 20 H 6"," H 17 A 3 H 33 H 20 H 37"
"114","Texas Tech","North Texas","6","3"," H 22 H 26 H 28 A 5"," H -5 A -13 H -13 A 45"
"115","Texas-El Paso","Southern Methodist","17","3"," H 32 A -33 A -17 H 10 A -23 H 17"," A 15 H 4 H -25 A 7 H 14 A 29"
"116","Toledo","Weber State","51","3","",""
"117","UCLA","Fresno State","3","3"," A 8"," H 14"
"118","Utah State","Southern Utah","16","3","",""
"119","Virginia","Richmond","28","3","",""
"120","Washington","Miami (FL)","5","3","",""
"121","Ball State","Western Illinois","-10","3","",""
"122","Iowa","Western Michigan","-6","3"," H -6"," A 12"
"123","Wisconsin","Oregon","4","3","",""
"124","0","0","0","0","0","0"
"125","Brigham Young","Mississippi State","-16","4","",""
"126","Akron","Central Florida","11","4"," H -17"," A 20"
"127","Arizona","San Diego State","14","4"," A -14 H -24"," H -14 A 32"
"128","Arizona State","Colorado State","3","4"," A -3"," A -12"
"129","0","0","0","0","0","0"
"130","Auburn","Louisiana State","17","4"," A 7 A 31"," H 7 A 32"
"131","Clemson","Wake Forest","48","4"," A -21 A -30 H 21 A -14 H -3 A 47"," H -17 H 2 A 30 H -21 A 32 H -29"
"132","Buffalo","Connecticut","-3","4"," A 35"," A -3"
"133","East Carolina","Tulane","20","4"," H 21 A -3 H 42"," A 4 A 3 H 18"
"134","Tennessee","Florida","-4","4"," A 7 A -3"," H 32 H 20"
"135","Florida State","North Carolina","49","4"," A -5 A -52 H 34 A -44 H 47 A -29"," H -14 H 3 A 11 H -18 H -14 A -21"
"136","Georgia Tech","Navy","27","4","",""
"137","Houston","Army","1","4"," A 17 A -3 A 18 A 42"," A 6 H -10 H 4 A 21"
"138","Illinois","California","2","4","",""
"139","Iowa","Iowa State","-10","4"," A 29"," H -22"
"140","Kansas","Alabama-Birmingham","3","4","",""
"141","Kansas State","Ball State","76","4","",""
"142","Kentucky","Indiana","7","4","",""
"143","Louisiana-Monroe","Nicholls State","6","4","",""
"144","Arkansas State","Memphis","-2","4","",""
"145","Missouri","Michigan State","-3","4","",""
"146","Middle Tennessee State","Murray State","16","4","",""
"147","Baylor","Minnesota","-25","4","",""
"148","Vanderbilt","Mississippi","-5","4"," A 33 A 10"," H -8 A 18"
"149","Nevada-Las Vegas","North Texas","38","4","",""
"150","New Mexico State","New Mexico","-3","4"," H -3"," H -17"
"151","North Carolina State","Southern Methodist","41","4","",""
"152","Notre Dame","Purdue","2","4"," A 6"," A 20"
"153","Ohio","Tennessee Tech","38","4","",""
"154","Ohio State","Miami (OH)","11","4","",""
"155","Oklahoma State","Texas State","23","4","",""
"156","Oregon","Idaho","29","4"," H 7 A -3"," A 24 A -4"
"157","Pittsburgh","Penn State","12","4","",""
"158","San Jose State","Southern Utah","40","4","",""
"159","South Carolina","Eastern Michigan","35","4","",""
"160","South Florida","James Madison","19","4","",""
"161","0","0","0","0","0","0"
"162","Stanford","Texas","3","4","",""
"163","Louisiana Tech","Stephen F. Austin","-3","4","",""
"164","Temple","Bowling Green State","17","4"," H 9"," H 14"
"165","Texas A&amp;M","Texas-El Paso","28","4"," H -4"," A 41"
"166","Texas Christian","Northwestern","27","4","",""
"167","Texas Tech","Louisiana-Lafayette","26","4"," H 6 H -12"," H -13 A 42"
"168","Toledo","Eastern Illinois","5","4","",""
"169","Rice","Tulsa","-7","4"," A 13 H -3 H 25 A 37 H 29 A 17"," H 11 A 22 A -10 H -14 A 4 H -33"
"170","UCLA","Michigan","3","4","",""
"171","Duke","Virginia","-16","4"," H -30 A 49 A 35 H -11 A 2 A 4"," H -21 A 34 A 35 H 8 A -17 H 7"
"172","Virginia Tech","Rutgers","49","4"," A -14 H 22 H 28 H 3 A 20"," A 29 H -34 H -7 A 12 H -58"
"173","Colorado","Washington","-3","4","",""
"174","Utah","Washington State","-17","4"," H -14 A 3"," A 6 A -4"
"175","West Virginia","Maryland","13","4"," A -5"," H 7"
"176","Western Michigan","Indiana State","56","4","",""
"177","Wisconsin","Cincinnati","3","4"," A -21"," A 36"
"178","Wyoming","Central Michigan","21","4","",""
"179","Kent State","Youngstown State","-6","4","",""
"180","0","0","0","0","0","0"
"181","North Carolina State","Georgia Tech","7","5"," A 7 A -18 H -44 A 7 H 4 A 7"," A -3 A -14 H -5 A -13 H 35 H 35"
"182","Utah","Air Force","-9","5"," H -7 A 7 H 22 A -34"," H 4 H -6 A 21 A -17"
"183","Ohio","Akron","-3","5"," H 22 H 49 A 3 A -2"," H 35 A 10 H 17 A -6"
"184","Louisiana State","Alabama-Birmingham","-3","5","",""
"185","Arizona State","Utah State","24","5","",""
"186","Arkansas","Alabama","7","5"," A 20 H -14 A 43"," H 10 H 38 A 10"
"187","Auburn","Northern Illinois","17","5","",""
"188","Baylor","South Florida","15","5","",""
"189","Central Michigan","Boise State","-37","5","",""
"190","Boston College","Navy","41","5"," H 29 H 28"," H -7 H -11"
"191","Brigham Young","Nevada-Las Vegas","3","5"," A 8 H -1 H 12 A 24 H 24"," H 21 A -7 H 19 A 1 H 4"
"192","Buffalo","Bowling Green State","3","5"," A 33 A 22 H 3 A 35"," H -7 H -2 A -7 H -6"
"193","Central Florida","William &amp; Mary","45","5","",""
"194","Virginia","Clemson","-21","5"," A -16 A -17 H 8 A 34 H 11 A 35 H 7"," A -30 H 48 H 21 A 47 A -14 H -3 H 7"
"195","East Carolina","Syracuse","17","5"," H -17 A 18"," H -8 A -4"
"196","Florida","Kentucky","28","5"," A 12 H 32 A -23 H 20"," H -18 A 34 H -4 H -3"
"197","Florida State","Louisville","31","5","",""
"198","Fresno State","California","14","5"," A 3"," H 8"
"199","Georgia","New Mexico State","37","5"," A 11"," A 31"
"200","Washington State","Idaho","-4","5"," H -3"," A 29"
"201","Indiana","Cincinnati","36","5"," H -21"," A 3"
"202","Kansas","Southern Illinois","42","5","",""
"203","Kansas State","North Texas","45","5"," H 5"," A 6"
"204","Maryland","Middle Tennessee State","18","5","",""
"205","Army","Memphis","-10","5"," A 6 A 1 A 21"," H -3 H -3 H 7"
"206","West Virginia","Miami (FL)","-37","5"," A -5 A 28 H -4 A -7"," A -28 H 20 A -26 A -58"
"207","Miami (OH)","Kent State","31","5"," H 14 H 3 A 20"," H -7 H -37 A 22"
"208","Illinois","Michigan","-4","5"," A 14 A 4 H 7"," H 22 H 14 H 58"
"209","Michigan State","Notre Dame","6","5"," H 20"," H 2"
"210","Nebraska","Iowa","29","5"," A -22"," H -10"
"211","Wyoming","Nevada","-7","5"," A 19"," A 31"
"212","New Mexico","Northern Arizona","7","5","",""
"213","North Carolina","Marshall","5","5","",""
"214","Connecticut","Northeastern","-8","5","",""
"215","Wisconsin","Northwestern","-3","5"," A 3 A -7 H -6 A -6 H 21 A -21"," H 3 A -20 H -13 A 10 A -6 H 19"
"216","Louisiana-Lafayette","Northwestern State","-2","5","",""
"217","Ohio State","Penn State","39","5"," H -12 A -28 A 4 A -3"," A 9 H -3 H 2 H 14"
"218","Oklahoma","Rice","28","5"," H 41"," A 17"
"219","Oregon","UCLA","19","5"," H 7 H 4 A -1 H 8"," A 7 A -3 H 7 A 8"
"220","Oregon State","San Diego State","32","5"," A -8 A -24"," A -1 A 14"
"221","Pittsburgh","Rutgers","12","5"," H 16 A 3 A 28 A -7"," A 29 A 49 H -58 H -34"
"222","Purdue","Minnesota","14","5"," A 2 A -13 A -6 H 4"," H 9 H -6 A 21 A -12"
"223","South Carolina","Mississippi State","4","5"," A 10 A -3 H 20 A 20"," H 22 A -18 H -7 H 12"
"224","Southern California","San Jose State","10","5"," A 2"," A -13"
"225","Oklahoma State","Southern Mississippi","-22","5","",""
"226","Temple","Eastern Michigan","9","5"," H 17"," A 14"
"227","Tennessee","Louisiana-Monroe","67","5"," A -2 H 43"," A 28 A 46"
"228","Texas","Houston","48","5","",""
"229","Texas Christian","Arkansas State","49","5","",""
"230","Texas-El Paso","Hawaii","32","5"," H 17 A -33 A -17 H 10 A -23 H 17"," H 15 H -10 H -9 A 18 H 20 A 25"
"231","Southern Methodist","Tulane","-12","5"," A 2"," H 18"
"232","Tulsa","Louisiana Tech","12","5","",""
"233","Vanderbilt","Duke","19","5"," A -7"," A 2"
"234","Western Michigan","Toledo","7","5"," A -20 H 30 A -39 A 4"," H 42 A -14 H 28 H 41"
"235","0","0","0","0","0","0"
"236","Maryland","Florida State","-52","6"," A 8 A 21 H 30 A -11 H 7 A 3"," H 34 H 47 A -29 H 49 A -44 H 49"
"237","Temple","West Virginia","-5","6"," A 7 A 22 A -34 H -28 A 28 H -19"," H 13 A 28 A -7 H -37 H 20 H -4"
"238","Akron","Miami (OH)","17","6"," A -3 A -6 H -3"," H 3 H 14 A 20"
"239","Alabama","South Carolina","10","6"," A 7 A 10 A 22"," H 20 H -3 H 4"
"240","Alabama-Birmingham","Louisiana-Lafayette","45","6","",""
"241","Stanford","Arizona","-24","6"," A -14 A 32 H 2 H -3 A 2"," H 6 H -24 A -16 A 3 H -3"
"242","Auburn","Vanderbilt","33","6"," A -8 A 31 H 3"," H -5 H -23 A 10"
"243","Kent State","Bowling Green State","-7","6"," A 23 A 31 H -37 A 22 A 3"," H -18 A 14 H -2 H -7 A 3"
"244","Eastern Michigan","Central Florida","-21","6"," H 7"," A 20"
"245","Duke","Clemson","-30","6"," H -16 A 49 A 35 H -11 A 2 A 4"," A -21 A 47 H -3 H 21 H 48 H 7"
"246","Nevada","Colorado State","-31","6"," A 31"," H 1"
"247","Arkansas","Georgia","-31","6"," A 20 A 2 H -14 A 43"," A 11 A 3 H 18 H 11"
"248","North Carolina","Georgia Tech","-14","6"," A -21 A 49 H -18 H -14 A 11 H 3"," H 32 H -5 A 7 A -3 H 35 A -13"
"249","Houston","Southern Methodist","2","6"," A 3 A 18"," A 29 H -12"
"250","0","0","0","0","0","0"
"251","Indiana","Iowa","12","6"," A 19 A 7 H -21"," H 10 A 31 H -6"
"252","Baylor","Iowa State","-14","6"," H -24 A 59 H -25"," H -23 H -22 H 19"
"253","Colorado","Kansas State","-23","6"," A -7 A 8 H -8"," A 16 A -39 H 46"
"254","Louisiana State","Tennessee","7","6"," A 32 H 2"," H -4 H 10"
"255","Louisville","Connecticut","19","6","",""
"256","Marshall","Buffalo","33","6"," H 22 A -3 A -7"," H 3 A 35 H 3"
"257","Rutgers","Miami (FL)","-58","6"," A 49 A 12 H -34 H -7"," H 20 H 28 A -28 A -37"
"258","Michigan","Wisconsin","3","6"," A 1 H 58 H 14 A 3"," H -6 A -21 A -7 H -3"
"259","Minnesota","Illinois","34","6"," H 9 A -12 A 8"," A 14 H -3 H 7"
"260","Mississippi","Kentucky","18","6"," A -5 H -11 A 18"," H -4 A 34 H -4"
"261","Mississippi State","Florida","12","6"," A 4 H 7 A 7 H 26 A -18"," H 20 H 31 H 32 H 55 H 28"
"262","Nebraska","Missouri","18","6"," A -22 H 59 H 39"," A 19 A -25 H -21"
"263","Nevada-Las Vegas","Air Force","21","6"," A 3 A 1 H 19 A 22 H 4"," H 8 H 4 A -17 A -9 H -6"
"264","New Mexico","Wyoming","35","6"," A -6 H 7 H -1 A 4"," H -17 H -34 H -34 A 19"
"265","Ball State","Northern Illinois","-29","6"," H 19 A -9 H -39 A 28"," A 7 H 63 A 30 H -14"
"266","Michigan State","Northwestern","-20","6"," A 5 H -7 A 14 H 20"," A 10 A -3 H 3 H -13"
"267","Oklahoma","Kansas","18","6"," A -10 H 17 H 14"," H -39 A 39 H -6"
"268","Oregon","Washington","7","6"," H 29 H 19 H 4 A -1 H 8"," H 24 H 7 H 3 A -6 H 12"
"269","Oregon State","Southern California","10","6"," H 32 A -6 H 29 A -6 A -24"," A 2 A -3 H -6 H -12 H -16"
"270","Penn State","Purdue","2","6"," A 39 A 9 A 22"," H 4 H 14 H 1"
"271","Arkansas State","Richmond","-3","6","",""
"272","San Jose State","Rice","13","6"," A -25 H -17 A -9 H 3 A 11"," H 29 A 17 H 25 A 37 H -7"
"273","South Florida","Troy","10","6","",""
"274","Southern Mississippi","Memphis","21","6"," A 3 A -3 A -3 A 3"," H -2 H -3 A 4 H -3"
"275","Syracuse","Brigham Young","28","6","",""
"276","Texas","Oklahoma State","35","6"," A -14 H 34 H 34 A -12"," A 16 A 14 H 28 A 58"
"277","Texas A&amp;M","Texas Tech","18","6"," A -24 H 16 A -5"," H 28 A 5 H 58"
"278","Navy","Texas Christian","-24","6","",""
"279","Louisiana-Monroe","Texas State","-20","6","",""
"280","Texas-El Paso","New Mexico State","10","6"," A -33"," H 14"
"281","Toledo","Central Michigan","41","6"," A 7 A -28 H 28"," H 4 A 16 H -4"
"282","Tulane","Cincinnati","5","6"," A 4 A 3 H 18"," H 6 A 14 H 17"
"283","Hawaii","Tulsa","-10","6"," A 32 A 20 H 15 A 25 H -9 A 18 H 17"," H -33 H -14 A 4 A -7 H 11 A 22 H 12"
"284","UCLA","Arizona State","7","6"," A 19 A 8 H 2 A 7"," H -1 H 20 A 22 H -6"
"285","Utah State","Utah","-21","6","",""
"286","Wake Forest","Virginia","-17","6"," H -21 A 48 A 32 A 30 H 2 H -29"," H 11 H -21 A 35 H 8 A -16 A 34"
"287","Boston College","Virginia Tech","-14","6"," A 20 H 7 A 16 H 29 H 28"," H 28 A -8 H 3 H 49 H 22"
"288","California","Washington State","-4","6"," H 3 A 20 A -12 H -6 A 8"," A -17 H -3 A -6 A 29 H -3"
"289","Western Michigan","Ohio","13","6"," A -42 A 4"," A -37 H 49"
"290","0","0","0","0","0","0"
"291","Rice","Fresno State","-3","7"," H -7 H 25 A 37 H 29 A 17"," H 22 H 18 A 17 H 7 A 10"
"292","North Texas","Samford","35","7","",""
"293","Marshall","Western Michigan","-20","7"," A 42 H 22"," H 7 A -42"
"294","Brigham Young","Utah State","24","7","",""
"295","Air Force","Navy","14","7","",""
"296","Bowling Green State","Akron","-6","7"," A 3 A 14 H -7 H -2"," H 35 H 17 H -3 A -3"
"297","Southern California","Arizona","-16","7"," A 10 H -11 A 2 H -6 A -3"," H -24 A 4 A -24 H 6 H -3"
"298","Arizona State","California","20","7"," A 7 H -6 A -3 H -1 H -6"," H 8 A 12 H -4 A 8 A -12"
"299","Arkansas","Louisiana-Monroe","46","7"," A 43"," A 67"
"300","Miami (OH)","Ball State","-5","7"," A -17"," H 19"
"301","Boston College","Connecticut","52","7","",""
"302","Cincinnati","Houston","17","7"," H 6 A 5 A -3"," H 1 A 18 A -3"
"303","Clemson","North Carolina State","7","7"," A -21 A -30 H 21 A -14 H -3 A 47"," A 7 H 4 A 7 A -18 H 7 H -44"
"304","Texas A&amp;M","Colorado","-7","7"," A -23 H 16 A -5"," H -8 H -23 H 16"
"305","Colorado State","New Mexico","3","7"," H 1 A -7 A -12 A 4"," A 4 H 7 H -1 A -6"
"306","Florida","Louisiana State","32","7"," A -4 H 28 A 12 H 31"," H 7 H 34 H 7 A 17"
"307","Georgia","Tennessee","11","7"," A 11 A -31"," A -3 H 43"
"308","Iowa","Michigan State","5","7"," A 31 H -28 H -6 H 10"," H 4 A 14 H -7 H -20"
"309","Kansas","Kansas State","-39","7"," A 18 H 8 H -6 A 39"," H -10 A -23 H 5 H 1"
"310","Central Michigan","Kent State","-3","7"," A 48 A 49 H 4"," A 35 H -37 H -42"
"311","Alabama-Birmingham","Louisville","-21","7"," A -3 A 12 H -3"," H -3 H 14 A -21"
"312","Memphis","East Carolina","7","7"," A -10 A 4 H -3"," H 21 H -3 H 42"
"313","Miami (FL)","Florida State","3","7","",""
"314","Middle Tennessee State","Louisiana Tech","28","7"," H 28"," A -23"
"315","Minnesota","Penn State","9","7"," A 14 H 34 A -12"," H 2 H 14 A 39"
"316","Mississippi","Arkansas State","25","7","",""
"317","Mississippi State","Auburn","7","7"," H 12 A 7 H -7"," A 31 H 17 H 2"
"318","Missouri","Oklahoma State","14","7"," A 34 A 19 H -10 A -25"," A 35 H -7 A 16 H 28"
"319","Iowa State","Nebraska","-22","7"," A -10 A -14 H 19 A 46"," H 29 H 59 H 18 A 1"
"320","Nevada-Las Vegas","Nevada","31","7"," A 1 H 19"," H -31 A -7"
"321","New Mexico State","Army","19","7","",""
"322","Northern Illinois","Central Florida","20","7"," A -17 A 7"," A 11 A -21"
"323","Northwestern","Indiana","19","7"," A -3 A -6 H 3 A 10"," H -21 H 8 A 58 H 12"
"324","Notre Dame","Stanford","6","7","",""
"325","Ohio","Buffalo","22","7"," H -3 A -37 A -2"," A 35 H 3 H 3"
"326","Wisconsin","Ohio State","-16","7"," A -7 H -6 A -6 H 21"," H 14 A 4 A -28 H -12"
"327","0","0","0","0","0","0"
"328","Purdue","Michigan","1","7"," A 2 A -13 A -6 A 20"," H 22 A 3 H 3 H 14"
"329","Wyoming","San Diego State","-34","7"," A 35 H -17 A 12 H -34"," A -1 A 21 A -1 H -14"
"330","Southern Methodist","San Jose State","-25","7"," A 17 A 15 H 14 A 29 H 4"," H -17 A -9 A -19 H 13 A 11"
"331","Kentucky","South Carolina","-3","7"," A 28 H -4 H -18 H -4"," A 20 H 11 H 4 A -16"
"332","Southern Mississippi","South Florida","34","7","",""
"333","Syracuse","Pittsburgh","7","7"," A 7 H -8 A -19 H -26"," H 16 A 3 A -7 A 28"
"334","Texas Christian","Hawaii","20","7"," A -31 A -14 H 37 A 3 H 17 H 33"," H 20 H -10 A 25 H -9 A 18 A 32"
"335","Texas Tech","Baylor","28","7"," H 6 A 18 H -53 H -12"," A -13 H -24 A 59 A 34"
"336","Tulsa","Texas-El Paso","-33","7"," A -7 A -10 A 14 A 22 A 4 H 11"," H 17 H 32 H 10 H 10 H 17 A -17"
"337","Eastern Michigan","Toledo","-28","7"," A 19 H 16 H 7"," H 28 H 41 A -14"
"338","Louisiana-Lafayette","Tulane","-1","7","",""
"339","Wake Forest","Vanderbilt","-7","7"," H 2"," H 19"
"340","Virginia","Maryland","8","7"," A -16 H -21 A -17 A 34 H 11 H 7"," A -11 A 21 H 30 H -52 A 3 H 7"
"341","Virginia Tech","Temple","22","7"," H 49 A -14 H 28 A -8 A 20"," A -34 A 28 H -5 H -19 H -28"
"342","Washington","Oregon State","3","7"," H 12 A -3 H 3 H 7"," A -6 H 32 A -24 A -6"
"343","Washington State","Boise State","7","7","",""
"344","West Virginia","Idaho","12","7","",""
"345","0","0","0","0","0","0"
"346","Virginia Tech","West Virginia","28","8"," A -17 H 49 A -14 H 22 A -8 A 20"," H 18 A -7 H 20 A -5 H -4 H -37"
"347","Wyoming","Air Force","-17","8"," A 35 A 19 A 12 H -34"," H -6 A 21 H 8 A -9"
"348","Alabama","Mississippi","38","8"," A 7 A 2"," A -14 H -11"
"349","Alabama-Birmingham","Memphis","4","8"," A -3 A 12 H -3"," H 7 H -3 A 21"
"350","Arizona","Washington State","6","8"," A -14 A -24 A -16 A 4 H -24"," A -17 H -14 A -6 H -3 A 29"
"351","Ball State","Eastern Michigan","19","8"," H -29 A -5 A -4 A 28"," H 7 H -17 H 16 H -28"
"352","Boise State","Eastern Washington","18","8","",""
"353","Boston College","Syracuse","7","8"," A 20 H -14 A 16 H 28"," A -4 H -8 H 7 A -19"
"354","California","UCLA","8","8"," A 14 A 20 A 12 H -6 A 8"," H 3 H 7 A 7 H -6 A 19"
"355","Central Florida","Eastern Kentucky","31","8","",""
"356","Clemson","Maryland","21","8"," H 48 A -21 A -30 H 7 A -14 A 47"," H 30 A 8 A -11 H 7 A 3 H -52"
"357","Colorado State","Nevada-Las Vegas","1","8"," A -31 H 3 A -7 A -12 H 24 A 4"," H 31 H 4 A 22 A -7 A 3 H 21"
"358","East Carolina","Army","21","8"," H 20 A 7 A -3 H 42"," H 4 H -10 A 21 A 1"
"359","Florida","Auburn","31","8"," A 12 H 32 A -23"," A 7 H 17 H 33"
"360","Florida State","Duke","49","8"," A -5 A -52 H 34 A -44 H 47 A -29"," A 35 H -11 H -16 A 4 H -30 A 2"
"361","Fresno State","Nevada","37","8"," A -3 A 10 H 18 A 17 H 7"," H 6 H -23 A 20 H -31 A 14"
"362","Georgia","Vanderbilt","10","8"," A 11 A 3 H 18"," H -16 A 33 H -5"
"363","Georgia Tech","Wake Forest","32","8"," H -5 H 27 A -14 H 35 A -3 H 35 A -13"," H -29 A -23 H -21 H 2 A 48 H -17 A 30"
"364","Hawaii","Southern Methodist","15","8"," A 32 H -10 A 25 H -9 A 18 H 20"," A 17 H 4 A 29 H -25 A 7 H 14"
"365","Idaho","Arkansas State","17","8"," A 17 H 3"," A 13 H -6"
"366","Illinois","Iowa","31","8"," A 14 A 4 H 7 H -3"," A -3 H 5 A 12 H -28"
"367","Oklahoma State","Iowa State","-7","8"," A 14 A 16 H -5 H 28"," H 19 A -8 H -23 A -14"
"368","Missouri","Kansas","-21","8"," A 18 A 34 H -10"," A 39 H -35 H 8"
"369","Louisiana State","Kentucky","34","8"," A 32 H 7"," A 28 H -18"
"370","Louisiana Tech","Louisiana-Lafayette","34","8"," A -23"," A -3"
"371","Louisville","Cincinnati","14","8"," A -21 H 3 H 21"," H 12 A 5 H 6"
"372","Miami (OH)","Bowling Green State","14","8"," A -17 H 31 A 17 H 3 A 20"," H 14 A -7 H -6 H -2 H -7"
"373","Michigan","Indiana","58","8"," A -4 H 3 A 3"," A 7 H -21 A 19"
"374","Middle Tennessee State","Louisiana-Monroe","28","8"," H 28"," H -23"
"375","Ohio State","Minnesota","-12","8"," H 39 A -16 A 4 A -3"," H 9 A 21 A 14 H 34"
"376","Texas Tech","Nebraska","-53","8"," H 28 A 5 A -6"," H 59 A 1 H 39"
"377","New Mexico State","Tulsa","14","8"," A 10"," H -33"
"378","North Carolina","North Carolina State","-18","8"," A 49 H -14 H -14 A 11 H 3"," H -44 H 7 A 7 A 7 A 7"
"379","Akron","Northern Illinois","-17","8"," H 11 H 35"," H 20 H 63"
"380","0","0","0","0","0","0"
"381","Kent State","Ohio","-37","8"," A 31 H -7 A -3 H -42 A 3"," A 3 A -2 H 49 A 13 H 22"
"382","Kansas State","Oklahoma","-10","8"," A -39 H 5 A 16 H 1"," H 18 H 14 A -4 H 17"
"383","Southern California","Oregon","-11","8"," H -16 H -12 A -6 H -6 A -3"," H 4 H 8 A -1 A -3 H 19"
"384","Oregon State","Stanford","32","8"," H 10 A 3 A -6 H 29 A -24"," H 2 H -3 A 2 A -14 H -24"
"385","Northwestern","Purdue","-13","8"," A -3 A -20 A -6 H 3"," A -6 A 20 H 14 H 1"
"386","South Carolina","Arkansas","20","8"," H 11 A 10 H -3"," H -31 H 7 A 43"
"387","Tulane","Southern Mississippi","-32","8"," H 5 A 3 H 18"," A 3 H -21 A -3"
"388","Rutgers","Temple","-34","8"," A 49 H -58 A -7 A 29 H -7"," A 22 H -28 A -11 A 28 H -5"
"389","Colorado","Texas","-14","8"," A 8 H 16 A -10"," A -35 H 35 H 34"
"390","Baylor","Texas A&amp;M","-24","8"," H -14 A 28 H -49"," A -23 H 18 H -4"
"391","San Jose State","Texas-El Paso","-17","8"," H 13 A -25 A -19 A -9 A 11"," H 17 H 17 A -23 H 32 A -33"
"392","Toledo","Marshall","42","8"," A 7"," H -20"
"393","San Diego State","Utah","-14","8"," A 14 A -34 H -12 A -1 A 21"," H -14 A -34 H -7 A 7 H -9"
"394","North Texas","Utah State","-5","8"," A 6 A 59 H -2 A 25"," A 22 A 28 H 17 H 13"
"395","Arizona State","Washington","-6","8"," A 7 H 20 H -1 A 22"," H 7 H 12 A 7 A -3"
"396","Michigan State","Wisconsin","-7","8"," H -20 A 5 A 14 A 14 H 20"," H -3 A -6 A 3 H -16 H -6"
"397","0","0","0","0","0","0"
"398","Louisville","East Carolina","-3","9"," A -21 H 3 H 21"," H -3 H 20 H 21"
"399","Alabama-Birmingham","Middle Tennessee State","5","9","",""
"400","Washington State","Arizona State","-3","9"," H -14 A -4 H -3 A -6"," A 22 H 20 H -1 H -6"
"401","Army","Tulane","4","9"," A 6 A 1 A 21 A 21"," H 5 H 18 A 20 A 3"
"402","Auburn","Louisiana Tech","10","9","",""
"403","Buffalo","Ball State","-9","9"," A 63"," H -29"
"404","Boise State","North Texas","59","9"," A -28 H 28"," A 25 H -5"
"405","Bowling Green State","Eastern Michigan","14","9"," A 17 A 14"," A 9 H -17"
"406","Central Florida","Louisiana-Monroe","55","9"," A -4"," H -23"
"407","North Carolina","Clemson","-14","9"," A -21 A 49 H -14 H -18 A 11 H 3"," H 48 A 47 H -3 H 7 A -21 H 21"
"408","Utah","Colorado State","-7","9"," H -9 A -14 A 7 H 22"," A 4 A -12 H 3 H 1"
"409","Akron","Connecticut","-3","9"," H 35"," A -3"
"410","Florida State","Virginia","34","9"," A -5 H 49 A -52 H 49 A -44 H 47 A -29"," A 35 H 11 H 8 A -16 H 7 H -21 A -17"
"411","Kentucky","Georgia","-4","9"," A 18 H -3 H -4"," H 18 A 11 H 10"
"412","Georgia Tech","Duke","35","9"," H -5 A 7 H 32 A -3 H 35 A -13"," A 49 A 4 A 2 H -30 H -16 H -11"
"413","Memphis","Houston","-3","9"," A -10 A 21 H 7 H -3"," H 1 H -3 A 42 A 17"
"414","Indiana","Minnesota","8","9"," A 19 A 7 H -21"," H -6 H 34 A 21"
"415","Kansas","Colorado","8","9"," H -39 A -21 H -35"," H -23 A -10 H -14"
"416","Kansas State","Texas Tech","5","9"," H 45 A -39 A 16 H 1"," H 6 A -6 A 18 H -53"
"417","Louisiana State","Mississippi State","7","9"," A 17 A 32 H 34 H 2"," H 7 H 12 A -18 H 22"
"418","Marshall","Kent State","22","9"," H 33 H -20 A -7 H 20"," A 3 H -42 H -7 A 31"
"419","Maryland","Wake Forest","30","9"," H -52 A 8 A 21 A -11 A 3"," H -29 H -17 A 48 H 2 H -21"
"420","Temple","Miami (FL)","-28","9"," H -5 A 22 A -34 H -19"," A -37 H 20 A -58 A -26"
"421","Michigan","Michigan State","14","9"," A -4 H 3 A 1 A 3"," H 4 H -7 H 20 H -20"
"422","Nebraska","Baylor","59","9"," H 18 A -22 A -53 A 17"," H -25 H -14 A 28 H -49"
"423","Nevada-Las Vegas","Wyoming","19","9"," A 3 H 21 H 31 A 22 H 4 A -7"," A 12 H -17 H -7 H -34 A 35 H -34"
"424","Air Force","New Mexico","-6","9"," A -9 A 21 A -17 H 4"," H 7 A 4 H 35 A 3"
"425","Arkansas State","New Mexico State","-6","9"," A 17 A 13 H -28"," A 3 H -7 H -3"
"426","West Virginia","Notre Dame","-14","9"," H 20 A -7"," H 12 A -28"
"427","Ohio","Central Michigan","49","9"," H -3 A 13 A -37"," H 10 H 4 H -3"
"428","Iowa","Ohio State","-28","9"," H 5 A 31 H -6 A -3"," H 14 A -3 A -16 H 39"
"429","Oregon","Arizona","4","9"," H 19 H 7 A -11 A -3"," H -3 A 3 A -16 H 6"
"430","UCLA","Oregon State","-6","9"," A 8 A -3 H 2 A 7"," A -6 A -24 H 32 A 3"
"431","Penn State","Illinois","14","9"," A 39 A 9 H -3 A 22"," H -3 A 34 H 31 H -4"
"432","Pittsburgh","Boston College","16","9"," H 12 A 7 A 3 A -7"," H 29 H 7 H -14 H 28"
"433","Wisconsin","Purdue","-6","9"," H -3 A 3 H -16 A -7 H 21"," A -13 H 1 H 4 A 20 H 14"
"434","Rice","Hawaii","25","9"," H -7 A 13 H -3 A 37 H 29 A 17"," H -10 H -9 A 18 A 20 H 15 A 32"
"435","Navy","Rutgers","-7","9"," H -11 A 41"," H -34 A 29"
"436","Brigham Young","San Diego State","-1","9"," A 8 H 12 A 24 H 24"," A 21 A -34 H -12 A -1"
"437","Nevada","San Jose State","-19","9"," H -31 A 14 H -23 A 20 H 6"," H 3 A -25 H -17 A -9 H 13"
"438","Vanderbilt","South Carolina","-16","9"," A 10 H -23"," H 11 A 20"
"439","South Florida","Liberty","38","9","",""
"440","Stanford","Southern California","2","9"," A -14 H -13 H -24 A 32 A 2 H 22"," H -6 H 10 H -16 A 10 A -3 A -6"
"441","Tennessee","Alabama","10","9"," A 7 A -3 H 43"," A 2 H 10 A 7"
"442","Texas","Missouri","34","9"," H 35 A -14 H 34 A -35"," H 14 H -10 A -25 H -21"
"443","Iowa State","Texas A&amp;M","-23","9"," A -14 A -7 A 46 A -8"," A -24 A -5 H 16 H -7"
"444","Tulsa","Texas Christian","-14","9"," A -7 A -10 H -33 A 22 H 11"," H 37 H 20 H 33 H 17 A 3"
"445","Texas-El Paso","Fresno State","10","9"," H 17 H 32 A -33 A -23 H 17"," H 7 H 18 H 22 H 37 A -3"
"446","Utah State","Idaho","17","9"," A -5 H 13 A -7"," A -2 H 17 H 3"
"447","Syracuse","Virginia Tech","-8","9"," A 17 H 7 A 7 A -4 A -19 H -26"," A -17 H 3 A -14 H 28 H 22 A 20"
"448","Washington","California","12","9"," A 7 H 3 A -6 H 7"," A 8 H -6 A 20 H 8"
"449","Western Michigan","Northern Illinois","30","9"," H 7 A -39"," H -14 A -29"
"450","0","0","0","0","0","0"
"451","Brigham Young","Wyoming","12","10"," A 8 H 3 H -1 H 24"," H -17 A 19 H -34 A 35"
"452","East Carolina","Alabama-Birmingham","-3","10"," A 7 A -3"," H 4 H -21"
"453","Auburn","Arkansas","2","10"," A -8 H 3"," H -14 H -31"
"454","Central Michigan","Ball State","-4","10"," A 41 A 16 H 4"," A 28 H 19 H -39"
"455","New Mexico State","Boise State","-3","10"," H -3 A -6 H -7"," A -17 A -28 H 28"
"456","Boston College","Rutgers","29","10"," A 20 H 41 H -14 A 16 H 28 A 12"," H -7 A -7 A 49 A 12 H -34 H -28"
"457","Southern California","California","-12","10"," A 10 H -11 A -6 H -6 A -3"," H -6 A 8 A 20 H -4 H 8"
"458","Alabama","Central Florida","-2","10","",""
"459","Cincinnati","Miami (OH)","30","10","",""
"460","Colorado","Oklahoma State","16","10"," A -7 H -14 A -10 H -8"," H -5 A 35 A 14 H -7"
"461","San Diego State","Colorado State","-12","10"," H -3 H -14 A -1 A -1 A 21"," A 3 A -7 H 24 H 3 A 4"
"462","0","0","0","0","0","0"
"463","North Carolina State","Florida State","-44","10"," H 7 A 7 A -18 A 7 H 4 A 7"," A -5 H 47 H 49 A -52 H 49 H 34"
"464","Fresno State","Tulsa","22","10"," A -3 A 10 H 18 A 17 H 7"," A -7 H -33 A -10 H -14 A 4"
"465","Clemson","Georgia Tech","-3","10"," H 48 A -21 A -30 H 7 H 21 A -14 A 47"," H 32 H 35 H 35 A 7 A -13 A -14 H -5"
"466","Iowa State","Missouri","19","10"," A -14 H -22 A -7 A -8"," A -25 A 18 H 14 H -10"
"467","Louisville","Tulane","3","10"," H 14 H -3 A -21 H 21"," H 5 A 20 H -32 A 4"
"468","Akron","Marshall","-3","10"," H 17 A -6 H 35"," H 20 A -7 H 33"
"469","Duke","Maryland","-11","10"," H -16 H -30 A 49 A 2 A 4"," A 8 A 21 H -52 H 30 H 7"
"470","Miami (FL)","Louisiana Tech","11","10","",""
"471","Michigan State","Illinois","4","10"," A 5 A 14 A 14"," H 31 H -4 H -3"
"472","Mississippi","Nevada-Las Vegas","3","10","",""
"473","Mississippi State","Middle Tennessee State","26","10"," H 12"," A 55"
"474","New Mexico","Utah","7","10"," H 35 A 3 A -6 H -1 A 4"," A -34 H -7 H -9 A -14 H 22"
"475","Louisiana-Lafayette","North Texas","-13","10"," A 26"," A 6"
"476","Northern Illinois","Buffalo","63","10"," A -29 A -17"," H -9 A 35"
"477","Minnesota","Northwestern","-6","10"," A 14 A 8 A 21"," H -13 H 19 A -3"
"478","Notre Dame","Air Force","3","10","",""
"479","Oklahoma","Nebraska","17","10"," H 18 A -10 A -49 H 14"," H 39 A 1 H 59 A -53"
"480","Arizona State","Oregon","-1","10"," A 7 H 20 H -6 A -3 H -6"," H 19 H 8 H 7 A -3 A -11"
"481","Oregon State","Washington State","29","10"," H 10 H 32 A -6 A -24"," A -6 H -14 A -4 A 6"
"482","0","0","0","0","0","0"
"483","Purdue","Ohio State","4","10"," H 14 A 2 A -6 A 20"," H -12 H 39 A -16 H 14"
"484","Hawaii","San Jose State","-9","10"," A 32 H -10 A 20 H 15 A 25 H 20"," H -17 A 11 H 3 A -25 H 13 A -19"
"485","Connecticut","South Florida","-8","10"," H -56"," A 36"
"486","Southern Methodist","Nevada","14","10"," A 17 H -25 A 15 A 29 A 7"," H -23 H -19 A 20 H 6 A 37"
"487","Houston","Southern Mississippi","-3","10"," A 17 A -3 A 18"," A 3 H 21 A -32"
"488","South Carolina","Tennessee","-3","10"," H 11 A 10 H 20 A 20"," A 11 H 10 H 43 H -4"
"489","Texas","Baylor","34","10"," H 34 A -12"," H -25 A 28"
"490","Texas A&amp;M","Kansas State","16","10"," H 18 H -7 A -23 H -4"," H 5 A -23 H 46 H -10"
"491","Texas Christian","Rice","37","10"," H 20 A -14 A 3 H 17 H 33"," H 25 H -7 A 13 H -3 A 17"
"492","Kansas","Texas Tech","-6","10"," H -39 A 39 H -35"," A 5 H -53 H -12"
"493","Navy","Toledo","-21","10","",""
"494","Arizona","UCLA","-3","10"," A -24 A 4 A 3 H -24"," H 2 A 19 A 7 H -6"
"495","Utah State","Arkansas State","13","10"," H 17 A -7 A 28"," A 17 H -6 H -28"
"496","Virginia","North Carolina","11","10"," H -21 A -17 H 8 A 34 A 35 H 7"," H -14 A -21 H 3 A 49 H -14 H -18"
"497","Virginia Tech","Pittsburgh","3","10"," H 49 A -14 H 22 A -8 A 20"," H 12 H 16 A -7 A 7 A 28"
"498","Stanford","Washington","-3","10"," H -24 A 32 A 2 H 22"," H 3 H 3 H 7 A -6"
"499","Kent State","Western Michigan","-42","10"," A -3 H -37 A 22"," A 4 H 13 A -20"
"500","Iowa","Wisconsin","-6","10"," H -6 A 12 H 5 H -28 H 10"," H 12 A -21 A -7 H -16 H -3"
"501","0","0","0","0","0","0"
"502","Colorado State","Brigham Young","24","11"," H 3 H 1 A -12 A 4"," H 24 H 3 H -1 A 8"
"503","Army","Air Force","-14","11","",""
"504","Arkansas State","Boise State","-28","11"," H -6 A 13"," A -3 H 28"
"505","Boston College","Temple","28","11"," A 20 H 41 H -14 H 7 H 29"," H -5 A -11 A 22 H -19 A -34"
"506","Buffalo","Kent State","3","11"," H 3 A 33 A 22"," H -7 A 22 H -37"
"507","Louisiana Tech","Central Florida","-4","11"," A -23"," H 55"
"508","Cincinnati","Alabama-Birmingham","12","11"," A 14 A -3"," H -21 H 4"
"509","Missouri","Colorado","-10","11"," H 14 H -21 A 34 A 19"," H 16 A 8 H -14 H -8"
"510","Eastern Michigan","Central Michigan","16","11"," H -28 A 19"," A 41 H -4"
"511","Vanderbilt","Florida","-23","11"," A 33 H -16"," H 31 H 20"
"512","Florida State","Clemson","47","11"," A -5 H 49 A -52 H 49 H 34 A -44 A -29"," H -3 A -14 H 21 A -30 A -21 H 7 H 48"
"513","Fresno State","Hawaii","18","11"," A -3 H 37 A 10 H 22 A 17 H 7"," A 25 H 20 A 32 H -10 A 20 H 15"
"514","North Texas","Idaho","-2","11"," H -5 A 25"," A 17 H 17"
"515","Illinois","Indiana","7","11"," H -4 A 34 H 31"," A 58 H 8 H 12"
"516","Penn State","Iowa","-3","11"," A 39 H 14"," H -28 A 31"
"517","Kansas State","Iowa State","46","11"," A -23 A 16 H 1"," A -8 H -23 H -22"
"518","Louisiana State","Alabama","2","11"," H 7 H 7"," A 10 A 22"
"519","Louisiana-Monroe","Louisiana-Lafayette","-3","11"," H -23"," A 34"
"520","Southern Mississippi","Louisville","-21","11"," A -32 A -3 A 3"," H 3 A -21 H 14"
"521","Bowling Green State","Marshall","-7","11"," A 3 A -7 H -6 A 14"," H 33 H 22 A -3 H 20"
"522","Maryland","North Carolina State","7","11"," H -52 A 8 A 21 A -11 A 3"," H -44 A 7 A 7 H 4 A -18"
"523","Miami (FL)","Virginia Tech","20","11"," A -37 A -58 A -28 H 28 A -26"," H 28 H 49 H 22 H 3 A -8"
"524","Miami (OH)","Ohio","3","11"," H 31 A 17 H 14"," A -37 H -3 A -2"
"525","Connecticut","Middle Tennessee State","-56","11"," H -8"," H 36"
"526","Arkansas","Mississippi","-14","11"," H 7 H -31 A 2"," A 38 A 18 H -8"
"527","Kentucky","Mississippi State","-18","11"," A 28 H -3 A 34"," H 12 A 4 A 7"
"528","Nebraska","Kansas","39","11"," H 18 A -53 A 17 A 1"," A -21 H -6 A 18 H -39"
"529","Pittsburgh","North Carolina","-3","11","",""
"530","Northwestern","Michigan","3","11"," A -3 A -20 H 19 H -13"," H 3 H 14 H 58 A 1"
"531","Ohio State","Michigan State","14","11"," A -16 A -28 A 4 A -3"," H -7 A 5 H 20 H 4"
"532","Baylor","Oklahoma","-49","11"," A 28 H -24 A 59"," H 14 A -4 H 17"
"533","Washington State","Oregon","-3","11"," H -4 A -4 A 6 H -3 A -6"," H 29 H 8 H 4 A -1 A -11"
"534","California","Oregon State","-6","11"," H -4 H 8 A 12 A -12"," H 29 A -6 A 3 H 10"
"535","Rice","Southern Methodist","29","11"," H 3 H -7 A 13 H -3 H 25 A 17"," A 2 H 4 H -25 A 7 A 15 A 17"
"536","New Mexico","San Diego State","-1","11"," H -8 H 35 A 3 A -6 H 7"," A 32 A -34 H -12 A 21 H -14"
"537","San Jose State","Texas Christian","3","11"," H 13 H -17 A -19 A -9 A 11"," H 37 H 33 A -31 H 20 A -14"
"538","South Florida","Western Kentucky","6","11","",""
"539","Arizona State","Southern California","-6","11"," A 7 H 20 A -3 H -1 A 22"," A -3 H -12 H -6 H -11 A 2"
"540","West Virginia","Syracuse","-4","11"," H 20 H -37 A -5 A 28 H 18"," A 7 H -26 A -19 H -8 A 17"
"541","Memphis","Tennessee","-2","11"," H 28 A 21"," H 67 H 3"
"542","Texas Tech","Texas","-12","11"," H 26 H 28 A -6 H 58"," H 42 H 34 A -35 H 35"
"543","Oklahoma State","Texas A&amp;M","-5","11"," H -7 A 16 A 58 H 28"," A -23 H -7 H 18 A -24"
"544","Nevada","Texas-El Paso","-23","11"," A 37 H -19 A 14 A 20 H 6"," H 10 A -17 H 17 H 32 H 17"
"545","Northern Illinois","Toledo","-14","11"," A -29 A 30 A 7"," H 28 A 7 A -28"
"546","Tulane","Houston","18","11"," A 20 A -12 H 5 H -32 A 4"," A 42 H 2 A 17 H -3 H 1"
"547","UCLA","Stanford","2","11"," H 7 H -6 A -3 A 7"," H 22 A 32 H -24 H -3"
"548","Utah","Nevada-Las Vegas","22","11"," H -9 A -14 H -7 A 7 A -34"," H 21 A -7 A 1 H 4 H 19"
"549","New Mexico State","Utah State","-7","11"," A -6 H -3 A 3"," H 13 A 28 H 17"
"550","Wake Forest","Duke","2","11"," A 48 H -17 H -7 A 32 A 30 H -29"," H -30 H -16 A 19 A 35 H -11 A 49"
"551","Washington","Arizona","3","11"," A 7 H 3 A -3 H 7"," A 4 H -24 A -24 H -3"
"552","Ball State","Western Michigan","-39","11"," H -29 A -4 A 28"," H 30 A 4 H 7"
"553","Wisconsin","Minnesota","21","11"," H -3 H -16 H -6 A -21"," H -6 A -12 A 14 A 8"
"554","0","0","0","0","0","0"
"555","Georgia Tech","Virginia","35","12"," H -5 A 7 A -14 H 32 H 35 A -3 A -13"," A 34 H 7 H 11 A -17 A -16 H -21 H 8"
"556","Air Force","Colorado State","4","12"," H 8 A -9 A 21 H -6"," H 24 A -7 H 1 H 3"
"557","Akron","Buffalo","35","12"," A -3 A -6 H -17 H -3 H -3"," A 22 H 3 A 63 H -3 A 33"
"558","Arkansas State","North Texas","25","12"," A 17 A 13"," H -2 H -5"
"559","Auburn","Georgia","3","12"," A -8 H 33 H 2"," H 18 H 10 A -31"
"560","Boise State","Utah State","28","12"," H 59 A -3 A -28"," A -5 A -7 H 13"
"561","Central Michigan","Western Michigan","4","12"," A 41 H -3 A 49 H -4"," H 7 A -42 H 13 A -39"
"562","Memphis","Cincinnati","-3","12"," A -10 A 4 H -3"," H 6 H 12 H 17"
"563","East Carolina","Houston","42","12"," H 20 A 7 H 21"," A 18 A -3 H 1"
"564","Eastern Michigan","Northern Illinois","7","12"," H -21 H -28 A 19"," H 20 H -14 A -29"
"565","Florida","South Carolina","20","12"," A -4 H 28 A 12 A -23"," H -3 A -3 H 4 A -16"
"566","Wake Forest","Florida State","-29","12"," H -21 A 48 H -17 A 32 A 30 H 2"," H 49 H 47 H 34 A -5 A -52 H 49"
"567","Hawaii","Nevada","20","12"," A 32 A 20 H 15 A 25 H -9 A 18"," H -23 H -31 A 14 H 6 H -19 A 37"
"568","Idaho","New Mexico State","3","12"," H 17 A 17"," A -6 H -7"
"569","Iowa","Northwestern","10","12"," A 12 H 5 H -6"," H 19 A -20 A -3"
"570","Colorado","Iowa State","-8","12"," H -23 A -7 H 16 A -10"," A 46 H -23 A -7 H 19"
"571","Louisiana-Lafayette","Jacksonville State","-14","12","",""
"572","Kansas State","Nebraska","1","12"," A -39 H -10 H 5 H 46"," H 39 A 17 A -53 A -22"
"573","Mississippi","Louisiana State","-11","12"," H -8 H 18"," A 17 H 34"
"574","Louisiana-Monroe","Louisiana Tech","-23","12"," A 28 A 55 H -3"," A 28 H -4 H 34"
"575","Louisville","Army","21","12"," H 14 H -3 H 3"," A 6 A 21 H 4"
"576","Marshall","Miami (OH)","20","12"," H 22 A -3 A -7"," H 31 A 17 H 14"
"577","Miami (FL)","Pittsburgh","28","12"," A -58 A -28 H 20 A -26"," H 12 A -7 A 3 A 7"
"578","Michigan","Penn State","22","12"," A -4 A 1"," H 14 H 2"
"579","Michigan State","Purdue","20","12"," H 6 H -20 H -7 A 14 A 14"," A 2 A -13 A -6 H 1 H 4"
"580","Middle Tennessee State","South Florida","36","12"," A -56"," A -8"
"581","Mississippi State","Alabama","22","12"," A 4 A 7 H -7"," H 10 A 2 A 7"
"582","Baylor","Missouri","-25","12"," H -14 A 59 A 34"," A 19 A 18 A 34"
"583","Nevada-Las Vegas","New Mexico","4","12"," H 21 A 1 H 19 A 22 A -7"," A -6 A 3 H 35 H 7 H -1"
"584","North Carolina","Maryland","3","12"," A -21 A 49 H -18 H -14 A 11"," H 30 H -52 H 7 A 21 A 8"
"585","North Carolina State","Duke","4","12"," H 7 A 7 H -44 A 7 A 7"," A 35 H -30 A 49 H -11 H -16"
"586","Notre Dame","Boston College","12","12"," A -14 A -28"," A 20 H 29"
"587","Bowling Green State","Ohio","-2","12"," A 3 A -7 H -6 A 14"," H 22 A -37 H -3 A 3"
"588","Illinois","Ohio State","-3","12"," A 34 H 31 A 14 A 4"," H -12 A -28 H 39 H 14"
"589","Texas A&amp;M","Oklahoma","-4","12"," H 28 H 18 A -24 H 16"," H 41 H 14 A -49 A -10"
"590","Oregon","California","8","12"," H 19 H 7 A -11 A -1 A -3"," H 8 A 12 A -12 A 20 H -4"
"591","Arizona","Oregon State","-24","12"," H 14 A -24 A -16 H 6 H -3 A 3"," H 32 H 32 H 10 H 29 A -6 A 3"
"592","Connecticut","Rhode Island","-5","12","",""
"593","Southern Methodist","Tulsa","4","12"," A 17 H -25 A 15 A 29 A 7"," H -33 H 11 A -10 A -7 A 22"
"594","Alabama-Birmingham","Southern Mississippi","-3","12"," H -21 H 4 A 12"," H -21 H 21 A 3"
"595","Stanford","Arizona State","22","12"," A -14 H 2 H -3 A 2"," A -3 H -6 H -6 A 7"
"596","Temple","Syracuse","-19","12"," H -5 A 22 H -28 A 28"," A -4 H -8 H -26 A 7"
"597","Tennessee","Arkansas","43","12"," H 67 A 11 H 10 A -3"," H 46 H -31 H 7 A 20"
"598","Kansas","Texas","-35","12"," A -21 H 8 H -6"," H 34 A -14 A -12"
"599","Texas Christian","Fresno State","17","12"," A -31 H 20 A -14 H 37 H 33"," H 37 H 18 H 22 A -3 A 10"
"600","Texas Tech","Oklahoma State","58","12"," A 18 H 28 H -12"," H -5 H 28 A 35"
"601","Texas-El Paso","Rice","17","12"," A 41 H 17 H 32 A -33 A -17 H 10"," A 28 H 29 H 25 H -7 A 13 H -3"
"602","Toledo","Ball State","28","12"," A 7 H 41 A -28 A -14"," H -39 A -4 H 19 H -29"
"603","Tulane","Navy","12","12","",""
"604","Wyoming","Utah","-34","12"," A 35 H -34 H -17 A 19"," A 7 A -14 H -9 H 22"
"605","Kentucky","Vanderbilt","-4","12"," A 18 H -3 H -4"," H -5 H -16 A 10"
"606","Central Florida","Virginia Tech","-23","12"," A 11"," H 29"
"607","Washington","UCLA","7","12"," A 7 H 3 A -6 H 12 A -3 H 3"," A 19 H -6 H 7 A 8 H 2 A -3"
"608","Southern California","Washington State","-6","12"," A 10 H -16 H -11 A 2 H -12 A -6"," A 29 A 6 H -3 H -14 A -4 H -3"
"609","Rutgers","West Virginia","-7","12"," A 49 H -58 H -34 A 29 H -28"," A 28 H -37 A -5 H 20 H -14"
"610","Indiana","Wisconsin","-21","12"," H 36 H 12 A 19 A 58 H 8"," H 3 A -6 H -3 A 3 H 21"
"611","0","0","0","0","0","0"
"612","Colorado State","Wyoming","24","13"," A -31 H 3 H 1 A -12 H 24"," H -7 A 35 A 19 H -34 A 12"
"613","Air Force","San Diego State","21","13"," H 8 A -9 A -17 H -6"," A -1 H -14 A -34 A -1"
"614","Kent State","Akron","-28","13"," A 31 H -7 A -3 H -37 A 22"," H 17 A -6 A 10 A -3 H -3"
"615","Army","Alabama-Birmingham","-20","13"," A 6 H -10 A 21"," A 12 H 4 A -3"
"616","Mississippi State","Arkansas","-7","13"," A 4 H 7 H 22"," A 20 A 2 H 7"
"617","Alabama","Auburn","-9","13"," A 7 H 38 A 2"," H 2 A -8 H 17"
"618","Ball State","Connecticut","29","13"," H 19 A -9"," A 7 A -3"
"619","Boise State","Idaho","42","13"," A 7 H 59 A -28"," A -4 A -2 H 17"
"620","Brigham Young","New Mexico","24","13"," A 8 H -1 H 12 A 24"," A -6 H -1 H 35 A 3"
"621","Cincinnati","Southern Mississippi","3","13"," A 5 H 17 A 14 H 12"," A -32 A -3 H -21 A -3"
"622","Clemson","South Carolina","2","13","",""
"623","Florida State","Florida","23","13","",""
"624","Fresno State","Southern Methodist","7","13"," A -3 H 37 A 10 H 22 H 18"," A 29 H 14 A 17 H 4 A 15"
"625","Georgia","Mississippi","18","13"," A -31 H 10 A -4 A 3"," A -14 A -5 H 18 H -8"
"626","Maryland","Georgia Tech","-13","13"," H -52 A 8 A 21 H 30 A -11 H 7"," H -5 H 35 A -3 H 32 H 35 A 7"
"627","Hawaii","Louisiana Tech","17","13"," H -10"," A 12"
"628","Utah State","Idaho State","-3","13","",""
"629","Iowa State","Kansas","21","13"," H -22 H 19 A 46"," A 39 A -21 H -39"
"630","Missouri","Kansas State","-4","13"," H -21 A 19 H -10"," A -39 H 46 A -23"
"631","Houston","Louisville","-19","13"," A 17 H -3 A 18"," H 14 A -21 H 3"
"632","Syracuse","Miami (FL)","-26","13"," H 7 H -8 A -4 A -19"," H 28 H 20 A -37 A -28"
"633","Buffalo","Miami (OH)","-1","13"," H 3 A 22 H -9 H 3"," H 14 H 3 H -5 H 31"
"634","Ohio State","Michigan","-12","13"," A -16 A 4 H 14"," H 3 A 1 H 14"
"635","Middle Tennessee State","Louisiana-Lafayette","3","13"," H 28 H 28 A 5"," A 34 A -3 A 45"
"636","Minnesota","Iowa","3","13"," H 34 H 9 A -12 A 8"," A 31 A -3 H -28 A 12"
"637","Nevada","Rice","6","13"," H -31 A 37 H -19 A 14 A 20"," A 37 H -3 A 13 H 29 H 25"
"638","Duke","North Carolina","-38","13"," H -16 H -30 A 49 A 35 A 2"," A 11 H -14 A 49 H -14 A -21"
"639","North Texas","New Mexico State","7","13"," H -5 A 59"," H -7 H -3"
"640","Northern Illinois","Central Michigan","34","13"," A -29 A -17 H -14"," H -4 H 10 A 41"
"641","Northwestern","Illinois","38","13"," A -20 H 19 A -6 H 3"," A 4 H 7 A 34 H -4"
"642","Rutgers","Notre Dame","-28","13"," A 29 H -7"," H 12 A -14"
"643","Ohio","Marshall","10","13"," H -3 A 13 H 22 A -37"," A -3 H -20 H 33 H 22"
"644","Oklahoma","Texas Tech","14","13"," H 18 A -10 H 17 A -49 A -4"," A -6 A 5 H -53 H 28 A 18"
"645","Oklahoma State","Baylor","28","13"," A 35 H -7 H -5 A 58"," A 34 H -14 H -24 A 28"
"646","Oregon State","Oregon","10","13"," H 10 A 3 A -6 H 29"," A -11 H 7 H 19 A -3"
"647","Penn State","Michigan State","19","13"," A 39 H 14 H -3"," A 14 H 4 A 5"
"648","Temple","Pittsburgh","-7","13"," H 17 A 22 A -34 H -28 A 28"," A -18 A 3 H 12 A 28 H 16"
"649","Purdue","Indiana","28","13"," H 14 H 1 A -13"," H 8 A 58 A 19"
"650","South Florida","Austin Peay","59","13","",""
"651","UCLA","Southern California","-3","13"," A 19 H 7 A 8 H -6 A -3 H 2"," H -11 A -6 H -12 A 10 H -16 A 2"
"652","California","Stanford","-6","13"," H -4 H 8 A 12 A -12 H -6"," A -14 A 2 H -3 H 2 A 32"
"653","Tennessee","Kentucky","39","13"," H -4 A 7 A 11 A -3"," A 28 A 34 H -4 H -3"
"654","Texas Christian","Texas-El Paso","33","13"," A -31 H 20 A -14 A 3 H 17"," A -23 H 32 A -33 A -17 H 10"
"655","Tulane","Memphis","23","13"," A 20 H -32 A 4 H 18"," H 7 A 21 A -10 H -3"
"656","Tulsa","San Jose State","11","13"," A -7 A -10 H -33 H -14 A 4"," H 13 A -9 H -17 H 3 A -25"
"657","Virginia","North Carolina State","7","13"," A -16 H -21 H 8 A 34 H 11 A 35"," H 4 A 7 A 7 H -44 A -18 H 7"
"658","Navy","Wake Forest","-23","13"," A 27"," A 32"
"659","Washington State","Washington","-48","13"," H -14 H -4 A -4 A 6 H -3 A 29 H -3"," A -3 H 24 H 12 H 3 A -6 H 3 A 7"
"660","West Virginia","East Carolina","18","13"," A 28 H -4"," H -17 H 17"
"661","Western Michigan","Eastern Michigan","28","13"," H 7 A -39"," H -28 A 19"
"662","Louisiana-Monroe","Wofford","-18","13","",""
"663","0","0","0","0","0","0"
"664","Toledo","Bowling Green State","34","14"," A -28 H 42"," H 14 H -7"
"665","Mississippi","Mississippi State","15","14"," H -8 H 18 A 38 H -11"," H 7 A -18 H 22 A 7"
"666","Arizona","Arizona State","-13","14"," H 14 A -16 H 6 A 4 H -3 A 3"," A -3 H -6 A -3 H -1 A 7 H -6"
"667","0","0","0","0","0","0"
"668","Utah","Brigham Young","-7","14"," H -9 A -21 A -14 H -7 H 22"," A 8 H 24 H -1 A 24 H 3"
"669","Southern Mississippi","East Carolina","-5","14"," H 21 A -32 A -3 H -21 A -3"," A 7 H 20 H 42 A -3 H -3"
"670","Nebraska","Colorado","2","14"," H 18 H 39"," A -10 A 8"
"671","Pittsburgh","West Virginia","10","14"," H 12 A 7 H 16 A 3 A 28"," A -7 H -4 H 20 A 28 H -37"
"672","Texas","Texas A&amp;M","26","14"," H 35 A -14 H 34 A -12"," A -5 H -7 A -24 H 18"
"673","Southern Methodist","Texas Christian","-55","14"," H -25 A 15 H 14 A 29 H 4"," A 3 H 20 A -31 H 37 A -14"
"674","San Jose State","Fresno State","-31","14"," H 13 H -17 A -19 A -9 H 3"," A -3 A 10 H 37 H 18 A 17"
"675","Georgia","Georgia Tech","-12","14","",""
"676","Miami (FL)","Boston College","46","14"," A -37 A -58 A -28 H 20 H 28"," A 20 H 29 H 28 H -14 A 16"
"677","San Diego State","Nevada-Las Vegas","-7","14"," A -34 H -14 A -1 H -12 A -1"," H 19 A 22 A 3 A 1 H 4"
"678","North Carolina State","Wake Forest","18","14"," H 7 A 7 A -18 H -44 A 7 H 4"," A 32 A 48 H -21 H -29 A 30 H 2"
"679","Southern California","Notre Dame","-17","14"," A 2"," H 6"
"680","Oklahoma State","Oklahoma","-5","14"," H -5"," A -4"
"681","Syracuse","Rutgers","28","14"," H 56 H 7 A 7 H -8 A -4 A -19"," H 59 A 12 A 29 A 49 H -7 H -34"
"682","0","0","0","0","0","0"
"683","Tulsa","Nevada","35","14"," A -10 H -33 H -14 A 22 A 4"," A 20 H -23 H -31 A 37 A 14"
"684","Virginia Tech","Virginia","21","14","",""
"685","Hawaii","Wisconsin","-16","14","",""
"686","0","0","0","0","0","0"
"687","0","0","0","0","0","0"
"688","0","0","0","0","0","0"
"689","0","0","0","0","0","0"
"690","Hawaii","Nevada-Las Vegas","-2","15"," H 20"," H 31"
"691","0","0","0","0","0","0"
"692","0","0","0","0","0","0"
"693","0","0","0","0","0","0"
"694","0","0","0","0","0","0"
"695","0","0","0","0","0","0"
"696","0","0","0","0","0","0"
"697","0","0","0","0","0","0"
"698","0","0","0","0","0","0"
"699","0","0","0","0","0","0"
"700","0","0","0","0","0","0"
"701","0","0","0","0","0","0"
"702","0","0","0","0","0","0"
"703","0","0","0","0","0","0"
"704","0","0","0","0","0","0"
"705","0","0","0","0","0","0"
"706","0","0","0","0","0","0"
"707","0","0","0","0","0","0"
"708","0","0","0","0","0","0"
"709","0","0","0","0","0","0"
"710","0","0","0","0","0","0"
"711","0","0","0","0","0","0"
"712","0","0","0","0","0","0"
"713","0","0","0","0","0","0"
"714","0","0","0","0","0","0"
"715","0","0","0","0","0","0"
"716","0","0","0","0","0","0"
"717","0","0","0","0","0","0"
"718","0","0","0","0","0","0"
"719","0","0","0","0","0","0"
"720","0","0","0","0","0","0"
